ID,Type,Episodes,Status,Aired,Premiered,Producers,Licensors,Studios,Source,Genres,Duration,Rating,Favorites,Title_Eng,Title,Score,Ranked,Members,Popularity,Synopsis
369,TV,12,Finished Airing,"Jan 5, 2000 to Mar 22, 2000",Winter 2000,VAP,Nozomi Entertainment,Madhouse,Light novel,"Avant Garde, Drama, Horror, Mystery, Supernatural",24 min. per ep.,R+ - Mild Nudity,1078,Boogiepop Phantom,Boogiepop wa Warawanai,7.16,3381,132026,1619,"Five years ago, a string of grisly murders shook the city to its core and now the rumors have begun once more. Boogiepop... Everyone knows about Boogiepop: meet her one dark night and you are taken. People tell each other the stories and laugh: no one believes that she can possibly exist in this day and age. Still, strange things appear to be going on and the darkness is taking on many forms. Something is out there. Are you safe?"
888,TV,12,Finished Airing,"Jan 20, 2000 to Mar 27, 2000",Winter 2000,Bandai Visual,Bandai Entertainment,Xebec,Manga,"Action, Sci-Fi",24 min. per ep.,PG-13 - Teens 13 or older,48,Candidate for Goddesses,Megami Kouhosei,6.34,7494,22101,4503,"In the future humankind has expanded and colonized other planets. Then an alien species, Victim, attacks the human colonies leaving only one planet, Zion. In an effort to stop Victim from destroying the last planet a training school, GOA, is set up to gather boys from the Zion colonies and train them to become pilots of the Ingrids AKA The Goddesses, five fighting robots that protect Zion. The boys must possess a rare blood type, EO, as well as a special ability, or EX. Zero (Candidate 88) has just arrived in GOA when he falls into the cockpit of the Ingrid Eeva-Leena. Since the synch between pilot and Ingrid are very sensitive everyone believes the Goddess will kill Zero in an attempt to synch. Just before Zero passes out he makes a full synch with the Goddess. Before he can find out more about the incident, his pilot training begins."
351,TV,49,Finished Airing,"Feb 6, 2000 to Jan 28, 2001",Winter 2000,Asahi Broadcasting,add some,Toei Animation,Original,"Comedy, Fantasy",24 min. per ep.,G - All Ages,105,Unknown,Ojamajo Doremi Sharp,7.46,1906,21311,4571,"At the end of the first season, Doremi and her friends all had to give up their witch powers and be normal girls again. This also meant that they couldn't see Majorika, Lala, and the fairies again. The MAHO-Dou was also deserted and the door to the Majokai was locked.

The Queen, having seen all this through her crystal ball, secretly makes it so that Doremi and co. all end up heading into the Majokai again, with the excuse to return Majorika's hair dryer. However they end up stumbling into a garden, and one of the roses reveals a baby!

The Queen tells the girls that they must raise the baby for a whole year. To help them, they receive newer and stronger witch powers than before! The adventure isn't over yet!"
606,TV,13,Finished Airing,"Jan 26, 2000 to Apr 19, 2000",Winter 2000,Bandai Visual,Bandai Entertainment,Madhouse,Original,"Adventure, Comedy",24 min. per ep.,PG-13 - Teens 13 or older,99,Carried by the Wind: Tsukikage Ran,Kazemakase Tsukikage Ran,7.21,3090,16858,5038,"In the Edo or Tokugawa period (1600–1868), Ran, a female wandering samurai whose skill with the katana is only matched by her taste for sake (rice wine), is joined by a chinese martial artist who calls herself Lady Meow of the Iron Cat Fist. Tsukikage Ran has individual episodes that are just short stories of their adventures."
1137,TV,32,Finished Airing,"Feb 5, 2000 to Sep 23, 2000",Winter 2000,TV Asahi,Saban Entertainment,Toei Animation,Original,"Adventure, Drama, Fantasy, Sci-Fi",23 min. per ep.,PG - Children,81,Shinzo,Mushrambo,6.93,4431,15895,5137,"In the world of Mushrambo, human life has all but come to an end. After a deadly virus threatened the extinction of mankind, a new race called the Enterrans was created to preserve life on Earth. However, relations between the Enterrans and their creators did not remain peaceful. Soon a war broke out with the Enterrans fighting against the humans and their robots. Ultimately the Enterrans were the victors of this conflict, renaming Earth as Enterra in honor of their victory.

Before the last vestiges of humanity fell, one of the few remaining scientists put his daughter, Yakumo Shindou, into a sleep chamber. His hope was that his daughter would one day reawaken and find the human sanctuary known as Shinzo, reviving humanity and restoring peace between humans and Enterrans. Centuries have passed since the war; Yakumo now awakens and meets an Enterran named Mashura who pledges to assist in her quest. Also joined by the Enterrans Sago and Kutal, the group must now work to locate Yakumo's missing memories and locate Shinzo. But not every Enterran is as kind as Yakumo's new friends and some are prepared to commit any atrocity to prevent the return of humanity."
6560,TV,39,Finished Airing,"Jan 3, 2000 to Dec 28, 2001",Winter 2000,Kids Station,add some,Zuiyo,Original,"Avant Garde, Comedy",4 min. per ep.,R - 17+ (violence & profanity),291,Popee the Clown,Popee the Performer,7.23,3008,10523,6060,"Somewhere in the desert lies the Wolf Zirkus: a strange circus where Popee, a clown in a pink rabbit jumpsuit, shares the stage with Kedamono, a purple creature who wears a mask. Together, they juggle the whims of performing, practicing their acts, and poking fun at each other. In a world where anything seems possible, there is no telling what will happen next during this eccentric spectacle.

[Written by MAL Rewrite]"
783,TV,13,Finished Airing,"Feb 5, 2000 to May 20, 2000",Winter 2000,Kodansha,AN Entertainment,Group TAC,Manga,"Comedy, Ecchi",24 min. per ep.,R - 17+ (violence & profanity),21,Unknown,Miami Guns,6.57,6247,6893,7188,"Spoiled rich girl Yao Sakurakouji decides to join the Miami police force to enjoy car chases, gunfights and wanton destruction. The psychotic and not-too-bright Yao is partnered with Lu Amano, the soft-spoken and sharp-tongued daughter of the police chief. Together the dirty duo clean up the streets of Miami and take on a mysterious crime syndicate known only as 'The Organization'."
1769,TV,12,Finished Airing,"Jan 27, 2000 to Apr 13, 2000",Winter 2000,Pioneer LDC,ADV Films,Pierrot,Original,"Action, Comedy, Sci-Fi",21 min. per ep.,R - 17+ (violence & profanity),37,The Super Milk-Chan Show,Oh! Super Milk-chan,6.02,9165,5628,7806,"Milk-chan is a drooling, potty-mouthed baby who lives in an apartment with an obsolete robot named Tetsuko, a slug named Hanage, and an uncontrollable pet named Robodog. Whenever the President calls, Milk-chan and the gang rush to the scene to solve any type of problem - whether it's stopping a money counterfeiter hungry for Belgian waffles or counselling a school of drunk fish. At the same time, they have to avoid a nagging landlord, as they're six months behind their rent."
4962,TV,51,Finished Airing,"Jan 10, 2000 to Dec 25, 2000",Winter 2000,add some,Discotek Media,Studio Deen,Card game,"Adventure, Comedy, Fantasy",25 min. per ep.,G - All Ages,16,Six Gates Faraway Mon Colle Knights,Rokumon Tengai Mon Colle Knights,6.53,6451,5095,8151,"Two mad scientists, Professor Hiiragi and Count Collection, simultaneously manage to open a dream hole to an alternate world where myths are real, the Sixgate world. Professor Hiiragi recruits his daughter Rokuna and her friend Mondo to be the Mon Colle Knights and help him in obtaining six magical items before Count Collection does. These items which can alter the barriers of dimensions when combined, allowing them to be used to either peacefully have the magic of the Sixgate world cross over in the human world, take over the minds of all monsters, or worse, reformat reality.

While this entry only has details based on the Japanese version, it also includes the version aired on Jetix."
12361,TV,26,Finished Airing,"Jan 5, 2000 to May 30, 2002",Winter 2000,add some,add some,SBS TV Production,Unknown,Unknown,24 min. per ep.,PG - Children,0,Unknown,Track City,5.92,9675,1351,12008,"Jimmy was a typical boy who liked to play computer games. One day he was playing a game called 'Track City' when suddenly he got transported into the game world! Once he regained consciousness, a woman who apparently is the mayoress of the city explains to him that the world is threaten by a powerful malign virus and her allies and their only hope is to ask for the help of the ""Legendary racer"", the best player of 'Track City"". Things get complicated when Jimmy learns that the game made a mistake and confused him with the Legendary racer! Will Jimmy learn the necessary skills to defeat the viruses that threaten the world? Or will he be erased by the 'big head', the heavenly punisher that annihilates those who cannot achieve victory?"
9810,TV,83,Finished Airing,"Feb 6, 2000 to Sep 30, 2001",Winter 2000,Nagoya Broadcasting Network,add some,Sunrise,Picture book,Unknown,25 min. per ep.,PG - Children,7,Unknown,Nyani ga Nyandaa Nyandaa Kamen,6.57,6249,1267,12193,"One day a normal cat boy got a power to transform into a super ""kamen cat."" Whenever he heard people saying ""help"" he would dash right over there and help them fight against enemies."
245,TV,43,Finished Airing,"Jun 30, 1999 to Sep 17, 2000",Summer 1999,Aniplex,Discotek Media,Pierrot,Manga,Unknown,25 min. per ep.,R - 17+ (violence & profanity),25837,Unknown,Great Teacher Onizuka,8.69,58,804834,219,"Twenty-two-year-old Eikichi Onizuka—ex-biker gang leader, conqueror of Shonan, and virgin—has a dream: to become the greatest high school teacher in all of Japan. This isn't because of a passion for teaching, but because he wants a loving teenage wife when he's old and gray. Still, for a perverted, greedy, and lazy delinquent, there is more to Onizuka than meets the eye. So when he lands a job as the homeroom teacher of the Class 3-4 at the prestigious Holy Forest Academy—despite suplexing the Vice Principal—all of his talents are put to the test, as this class is particularly infamous.

Due to their utter contempt for all teachers, the class' students use psychological warfare to mentally break any new homeroom teacher they get, forcing them to quit and leave school. However, Onizuka isn't your average teacher, and he's ready for any challenge in his way.

Bullying, suicide, and sexual harassment are just a few of the issues his students face daily. By tackling the roots of their problems, Onizuka supports them with his unpredictable and unconventional methods—even if it means jumping off a building to save a suicidal child. Thanks to his eccentric charm and fun-loving nature, Class 3-4 slowly learns just how enjoyable school can be when you're the pupils of the Great Teacher Onizuka.

[Written by MAL Rewrite]"
527,TV,276,Finished Airing,"Apr 1, 1997 to Nov 14, 2002",Spring 1997,TV Tokyo,VIZ Media,OLM,Game,"Action, Adventure, Comedy, Fantasy",24 min. per ep.,PG - Children,5247,Pokémon,Pokemon,7.38,2271,617601,333,"Pokémon are peculiar creatures with a vast array of different abilities and appearances; many people, known as Pokémon trainers, capture and train them, often with the intent of battling others. Young Satoshi has not only dreamed of becoming a Pokémon trainer but also a ""Pokémon Master,"" and on the arrival of his 10th birthday, he finally has a chance to make that dream a reality. Unfortunately for him, all three Pokémon available to beginning trainers have already been claimed and only Pikachu, a rebellious Electric-type Pokémon, remains. However, this chance encounter would mark the start of a lifelong friendship and an epic adventure!

Setting off on a journey to become the very best, Satoshi and Pikachu travel across beautiful, sprawling regions with their friends Kasumi, a Water-type trainer, and Takeshi, a Rock-type trainer. But danger lurks around every corner. The infamous Team Rocket is always nearby, seeking to steal powerful Pokémon through nefarious schemes. It'll be up to Satoshi and his friends to thwart their efforts as he also strives to earn the eight Pokémon Gym Badges he'll need to challenge the Pokémon League, and eventually claim the title of Pokémon Master. 

[Written by MAL Rewrite]"
136,TV,62,Finished Airing,"Oct 16, 1999 to Mar 31, 2001",Fall 1999,Fuji TV,VIZ Media,Nippon Animation,Manga,"Action, Adventure, Fantasy",23 min. per ep.,PG-13 - Teens 13 or older,10687,Unknown,Hunter x Hunter,8.41,176,576289,361,"Hunters are specialized in a wide variety of fields, ranging from treasure hunting to cooking. They have access to otherwise unavailable funds and information that allow them to pursue their dreams and interests. However, being a hunter is a special privilege, only attained by taking a deadly exam with an extremely low success rate.

Gon Freecss, a 12-year-old boy with the hope of finding his missing father, sets out on a quest to take the Hunter Exam. Along the way, he picks up three companions who also aim to take the dangerous test: the revenge-seeking Kurapika, aspiring doctor Leorio Paladiknight, and a mischievous child the same age as Gon, Killua Zoldyck.

As the four aspiring hunters embark on a perilous adventure, they fight for their dreams while defying the odds.

[Written by MAL Rewrite]"
232,TV,70,Finished Airing,"Apr 7, 1998 to Mar 21, 2000",Spring 1998,NHK,Nelvana,Madhouse,Manga,"Adventure, Comedy, Drama, Fantasy, Romance",25 min. per ep.,PG - Children,13106,Unknown,Cardcaptor Sakura,8.16,404,427912,509,"Ten-year-old Sakura Kinomoto is an ordinary fourth-grade student living in Tomoeda until, one day, she stumbles upon a mysterious book of cards titled ""The Clow."" Pondering over her discovery, she unintentionally causes a magical gust of wind to scatter the cards all over town.

The accident awakens the Beast of the Seal—Keroberos, nicknamed ""Kero""—who tells Sakura that she has released the mystical ""Clow Cards"" created by the sorcerer Clow Reed. Due to each Card's ability to act independently and their incredible power, Clow had sealed them away. Now that they have been set free, the Cards pose great danger to the world, and it is up to Sakura to put an end to them.

Appointing Sakura as the ""Cardcaptor"" and granting her the Sealed Key, Kero tasks her with finding and recapturing all the Clow Cards. Alongside her best friend Tomoyo Daidouji, and with Kero's guidance, Sakura must learn to balance her new secret duty with the everyday troubles as she takes flight on her magical adventures as Cardcaptor Sakura.

[Written by MAL Rewrite]"
552,TV,54,Finished Airing,"Mar 7, 1999 to Mar 26, 2000",Spring 1999,Yomiko Advertising,Discotek Media,Toei Animation,Other,"Action, Adventure, Comedy, Fantasy",24 min. per ep.,PG - Children,5290,Digimon: Digital Monsters,Digimon Adventure,7.77,1007,394838,557,"When a group of seven children go to summer camp, the last thing that they expect is snow falling in July. In the confusion that follows this phenomenon, they each receive an odd device that transports them to another world. As soon as they wake up in this new world, they encounter strange creatures who call themselves ""Digimon."" The Digimon tell them that they've landed in the ""Digital World,"" far from home.

With only the Digimon and the ""Digivices"" as protection, the seven children set off to find their way home and learn the reason why they were brought here. Led by the impulsive Taichi Yagami and his hungry Digimon partner Agumon, this group will have to fight unknown evils as they discover more about this outlandish Digital World.

[Written by MAL Rewrite]"
379,TV,26,Finished Airing,"Oct 8, 1999 to Mar 31, 2000",Fall 1999,Victor Entertainment,ADV Films,J.C.Staff,Manga,"Comedy, Sci-Fi",24 min. per ep.,R - 17+ (violence & profanity),970,Excel Saga,Heppoko Jikken Animation Excel♥Saga,7.49,1841,108063,1895,"It's hard to take over the world, and the enigmatic Il Palazzo, head of the ACROSS organization, knows this, so he aims to start small by conquering the city of Fukuoka. Two young officers, the Excel and her partner Hyatt, are tasked with executing this plan, but standing in their way are the City Security workers, a group consisting of three (mostly) normal guys, a very severe girl, and some robots. Regardless of simplicity, Excel and Hyatt always manage to screw up their missions, which usually result in death and lots of destruction.

Heppoko Jikken Animation Excel♥Saga chronicles the elaborate troubles that the ACROSS officers get themselves into, as Excel and Hyatt never fail to do their jobs improperly.

[Written by MAL Rewrite]"
567,TV,26,Finished Airing,"Oct 13, 1999 to Mar 27, 2003",Fall 1999,Bandai Visual,Bandai Entertainment,Sunrise,Original,"Action, Mystery, Sci-Fi",24 min. per ep.,PG-13 - Teens 13 or older,939,Unknown,The Big O,7.53,1662,94486,2077,"Paradigm City, a city of amnesia and a place of belonging. It remains populated by forgotten pasts and the ruins of their labors due to a calamity 40 years ago. Shrouded in a fog-like mystery, it is up to people like Roger Smith to shine a light through the mist. Acting as a professional negotiator and suave agent, Roger is a self-tailored ladies man whose only love is for funeral black. However, as he gets deeply involved with his clients, what often starts as a simple negotiation evolves into Roger saving Paradigm from crime and peril.

In the process, Roger stumbles even deeper into the untold folds of the city. As a rule, things are hardly ever as they appear. Serving as gray knight in a gray world, Roger is not without allies. By his side are Norman, a loyal and widely skilled butler, and Dorothy, a human-like android with deadpan snark. Together with the relic Big O, a jet-black mecha of gargantuan size and weight, they help Roger serve iron justice to Paradigm's lurking villains as he discovers the truth about 40 years ago.

[Written by MAL Rewrite]"
58,TV,26,Finished Airing,"Oct 8, 1999 to Mar 31, 2000",Fall 1999,Youmex,Funimation,AIC,Original,"Action, Adventure, Drama, Horror, Sci-Fi",23 min. per ep.,R+ - Mild Nudity,421,Unknown,Blue Gender,7.02,4042,79619,2305,"Blue Gender takes place in the not too distant future in a world where things have gone terribly wrong for humanity. Humans have been replaced at the top of the food chain by the Blue, a race of bug-like aliens that have colonized Earth and pushed humans aside. A space station, Second Earth, has been constructed as a safe haven for humans, with the hope of one day reclaiming the Earth once more.

Yuji Kaido was cryogenically frozen, having been suffering from a disease known as B-Cells. Once awakened, he joins a team of soldiers that have come to Earth to extract him. Unfortunately, nothing goes according to plan as they make their way back to Second Earth.

Yuji will have to deal with the horrors of fighting a bloody war as he and the fighters from Second Earth look to survive. Will they be able to win back Earth without losing their humanity?"
2471,TV,1787,Finished Airing,"Apr 2, 1979 to Mar 18, 2005",Spring 1979,TV Asahi,add some,Shin-Ei Animation,Manga,"Adventure, Comedy, Fantasy, Sci-Fi",11 min. per ep.,PG - Children,604,Doraemon,Doraemon (1979),7.81,925,61058,2700,"Nobita Nobi is a normal fourth grade student. This all changes, however, when a blue robotic cat appears from his desk drawer. Calling himself Doraemon, this robot tells Nobita that his future descendants from the 22nd century live in poverty because of all the mistakes he made. Therefore, they have sent Doraemon to serve as a guide and mentor to Nobita, so that their future may change for the better. What Doraemon comes to learn, though, is that Nobita is the weakest and laziest student in the whole school.

To assist in his quest, Doraemon has a four-dimensional pocket with him, in which he keeps various machines and gadgets from the future. Unfortunately, these often result in even more trouble for Nobita. Will Doraemon really be able to achieve his mission of changing Nobita, or will he remain as he is?

[Written by MAL Rewrite]"
1138,TV,52,Finished Airing,"Jul 2, 1999 to Jun 30, 2000",Summer 1999,TV Tokyo,ADV Films,Bee Train,Game,"Adventure, Comedy, Sci-Fi",24 min. per ep.,PG - Children,279,Medabots,Medarot,7.08,3776,58154,2771,"Medabots—powerful robots granted artificial intelligence through special ""medals""—serve at the whims of their owner. They are more commonly used in ""Robbatling,"" a popular combat sport where two medabots face off against one another. In its professional form, Medafighters use their Medabots to qualify for the World Tournament and fight amongst the elite to gain the title of champion.

Elementary schooler Ikki Tenryou has just gained his first Medabot: Metabee, an outdated model with no medal. Fortunately, however, Ikki manages to find a medal in the nearby river; but when Ikki places it into Metabee's head, the latter starts to exhibit strange behaviour. Short-tempered and rebellious, he refuses to obey Ikki's orders. However, to climb the ranks to the World Tournament, Ikki and Metabee must first learn to work together, no matter how difficult the prospect may seem…

[Written by MAL Rewrite]"
763,TV,67,Finished Airing,"Sep 4, 1999 to Dec 23, 2000",Fall 1999,add some,VIZ Media,Xebec,Other,"Action, Adventure, Comedy, Sci-Fi",25 min. per ep.,PG-13 - Teens 13 or older,271,Unknown,Zoids,7.36,2361,49302,3020,"In a remote desert on the Planet Zi, a boy named Van discovers an abandoned, dilapidated facility. Inside, he finds an opaque cocoon that breaks on its own, and a dinosaur-like robot known as an ""Organoid"" emerges from the shell. Van names the creature Zeke and claims it for himself, but a group of bandits come after him to seize the Organoid. The bandits are equipped with ""Zoids,"" beast-like mechanical units that are used for combat. Van is able to fend off his pursuers by reviving and fusing with an old Zoid dubbed the ""Shield Liger.""

Van returns to the facility with Zeke in tow and finds a new cocoon. He is ecstatic that he may have obtained another Organoid, but when the cocoon breaks, a girl emerges from it instead. Unaware of her origins, the girl only remembers that her name is Fiona and that she has to locate an object called the ""Zoid Eve."" Determined to solve the mystery behind her existence, Fiona ventures out alongside Van and Zeke to uncover what the Zoid Eve truly is. The trio runs across many friends and foes in their adventure, encountering various dangers and experiencing slices of light-heartedness as they travel.

[Written by MAL Rewrite]"
95,TV,50,Finished Airing,"Apr 9, 1999 to Apr 14, 2000",Spring 1999,Sotsu,Nozomi Entertainment,Sunrise,Original,"Action, Adventure, Award Winning, Drama, Romance, Sci-Fi",24 min. per ep.,PG-13 - Teens 13 or older,1007,∀ Gundam,Turn A Gundam,7.76,1035,46954,3106,"It is the Correct Century, two millennia after a devastating conflict which left the world broken. Earth is now mostly uninhabitable, and thus a remnant of humanity has resided on the Moon while the Earth and its few survivors recover. For years, the ""Moonrace,"" the people of the Moon, have continued to check if Earth is fit for resettlement.

A boy named Loran Cehack and two others are sent down to Earth for a reconnaissance mission. Loran ends up spending a year on the planet working for the Heim Family, aristocrats living in a Victorian-like society. This family, like others of similar wealthy status, celebrates one's coming of age with a ceremony involving a giant stone statue known as the ""White Doll.""

To Loran's surprise, the Moonrace suddenly touches down on Earth with the intent of taking it by force. During the attack, the White Doll is broken apart, revealing a mobile suit called the ""Turn A Gundam"" inside. With Loran in its cockpit, the Turn A causes a standoff between the forces of Earth and Moon. The young pilot, along with the people of both sides, must keep the peace and avoid another all-out, catastrophic war.

[Written by MAL Rewrite]"
1469,TV,48,Finished Airing,"Apr 17, 1999 to Mar 25, 2000",Spring 1999,add some,ADV Films,TMS Entertainment,Game,"Action, Adventure, Comedy, Fantasy",24 min. per ep.,PG-13 - Teens 13 or older,98,Monster Rancher,Monster Farm: Enbanseki no Himitsu,6.79,5066,43983,3213,"Genki is a boy who loves playing video games. One day he's zapped into the world of Monster Rancher and meets the girl Holly and the monsters Mochi, Suezo, Golem, Tiger and Hare. Together, they are searching for a way to revive the Phoenix, which is the only monster capable of stopping the evil Moo."
593,TV,26,Finished Airing,"Oct 6, 1999 to Mar 29, 2000",Fall 1999,TV Tokyo,Bandai Entertainment,Sunrise,Original,"Award Winning, Drama, Sci-Fi",23 min. per ep.,PG-13 - Teens 13 or older,329,Infinite Ryvius,Mugen no Ryvius,7.43,2034,43776,3223,"The year is AD 2225. Kouji Aiba and Aoi Housen are serving as astronauts in-training in Liebe Delta which is located on the edge of the Geduld Sea. When saboteurs with unknown intents suddenly strike during a routine dive procedure, the space station plummets into the Geduld, a plasma field that links all the planets like a nervous system and crushes any ship that strays too far into it. With all the adults onboard killed, the young astronauts will have to survive this long journey home in midst of the growing tension amongst each other. Meanwhile the organizers of the sabotage look on and prepare to attack once more."
2076,TV,148,Finished Airing,"Apr 7, 1997 to Sep 11, 2000",Spring 1997,Dentsu,add some,Toei Animation,Manga,Unknown,24 min. per ep.,R - 17+ (violence & profanity),242,The File of Young Kindaichi,Kindaichi Shounen no Jikenbo,7.94,687,30170,3911,"Hajime Kindaichi's unorganized appearance and lax nature may give the impression of an average high school student, but a book should never be judged by its cover. Hajime is the grandson of the man who was once Japan's greatest detective, and he is also a remarkable sleuth himself.

With the help of his best friend, Miyuki Nanase, and the peculiar inspector Isamu Kenmochi, Hajime travels to remote islands, ominous towns, abysmal seas, and other hostile environments. His life's mission is to uncover the truth behind some of the most cunning, grueling, and disturbing mysteries the world has ever faced.

[Written by MAL Rewrite]"
554,TV,24,Finished Airing,"Oct 5, 1999 to Apr 4, 2000",Fall 1999,Pony Canyon,ADV Films,OLM,Original,"Action, Adventure, Comedy, Drama, Romance",15 min. per ep.,R+ - Mild Nudity,66,Steel Angel Kurumi,Koutetsu Tenshi Kurumi,6.75,5291,24592,4307,"During Japan's Taisho Era (1912-1926), a scientist named Ayanokoji developed the Steel Angel - an artificial humanoid with superhuman physical abilities. While the Imperial Army wanted to use the Steel Angel as a new means of modern warfare, Ayanokoji wanted his creation to be a new step in the future of mankind. Thus, he defied orders from the Army and secretly made the Steel Angel codenamed ""Kurumi"". Then one day, a young boy named Nakahito Kagura snuck into Ayanokoji's house as a dare by his friends and stumbled upon Kurumi's lifeless body. A sudden attack by the Imperial Army shook the house, causing Kurumi to fall on Nakahito. At that moment, their lips met, and Kurumi woke up from ""the kiss that started a miracle""."
1018,TV,23,Finished Airing,"Oct 2, 1999 to Mar 25, 2000",Fall 1999,Kadokawa Shoten,Sentai Filmworks,J.C.Staff,Light novel,"Adventure, Comedy, Fantasy",24 min. per ep.,PG-13 - Teens 13 or older,23,Orphen 2: Revenge,Majutsushi Orphen: Revenge,6.76,5223,18243,4895,Orphen and his gang has set out on an all new adventure with many monsters to battle and no peace and quiet. But a new friend has joined the group. Her name Lycorus who was sent to find Orphen. Many mysterious shadows are overhanging over head.
3545,TV,373,Finished Airing,"Jun 16, 1996 to Dec 19, 2004",Summer 1996,Asatsu DK,add some,Gallop,Manga,Unknown,25 min. per ep.,PG-13 - Teens 13 or older,191,Unknown,Kochira Katsushikaku Kameari Kouenmae Hashutsujo,7.78,993,18178,4904,"Ryoutsu, being an underpaid policeman, is always coming up with underhanded schemes in order to make a quick buck. But in the end, his plans (which are ridiculous to begin with) always go wrong and land him in big trouble with the chief."
111,TV,52,Finished Airing,"Apr 9, 1999 to Oct 20, 2000",Spring 1999,NHK,VIZ Media,Nippon Animation,Original,"Adventure, Comedy, Sci-Fi",25 min. per ep.,G - All Ages,111,Unknown,Corrector Yui,7.02,4046,16316,5102,"Yui is an average schoolgirl who lives in a future where all computers are supported by a single global network known as COMNET. Yui is a computer-illiterate girl who after a computer-lab accident is approached by IR, a raccoon looking corrector computer program, which tells her she must save COMNET. She must stop the rogue A.I. (Artificial Intelligence) computer program known as Grosser and his hench-programs from taking over the world. Grosser was originally designed to be that manager of all of COMNET. At first she's very reluctant to play the heroine because of her complete lack of knowledge and ability with computers. To save COMNET she must find and gain the trust of the other seven wayward corrector programs. They must also find the creator or COMNET Professor Inukai, to help stop Grosser for good."
1021,TV,44,Finished Airing,"Apr 20, 1999 to Mar 26, 2000",Spring 1999,TV Tokyo,add some,Studio Hibari,Manga,"Drama, Romance",24 min. per ep.,PG-13 - Teens 13 or older,111,Unknown,Kaikan Phrase,7.32,2540,13502,5481,"After the break up of their old band, guitarist Yuki & drummer Santa decide to form a new one. They recruit bass player Towa, young guitarist Atsuro, and after much persuasion, vocalist Sakuya. Together they form Lucifer and they struggle to make it in the music business, and also to stay together. As well, they have to deal with personal issues, such as parental objections, and watching their old bands succeed ahead of them. Sakuya is the most troubled band member, as he has to deal with his tragic past, and his relationship with teenaged lyricist Aine."
2330,TV,26,Finished Airing,"Oct 5, 1999 to Mar 28, 2000",Fall 1999,add some,Enoki Films,Trans Arts,Manga,"Adventure, Comedy, Fantasy",22 min. per ep.,PG-13 - Teens 13 or older,58,Bucky: The Incredible Kid,Jibaku-kun,7.34,2448,13243,5535,"Bucky, the protagonist of the history, is a normal boy that lives in the first world. He lives with a single and humble ambition: to dominate the world (in the sense of the whole planet). He is very certain and he would certainly die to reach his dream. 

One day he meets with Spark, the Great Child of Primas (World One). Spark is known as the strongest Great Child of all of the worlds, and he is a successor's search. After finding Bucky and talk a little with him, Spark without apparent reason choose Bucky his successor. Bucky has just become a Great Child and to win the company of Jibaki, the spirit of the first world."
2204,TV,26,Finished Airing,"Oct 8, 1999 to Mar 31, 2000",Fall 1999,WOWOW,add some,TMS Entertainment,Manga,"Mystery, Suspense",25 min. per ep.,R - 17+ (violence & profanity),59,Unknown,Karakuri Zoushi Ayatsuri Sakon,7.36,2341,11903,5766,"The dark-haired bishounen is Sakon Tachibana, a puppeteer, and the other is Ukon, his favorite puppet, and best friend. Sakon is the (only) grandson of Saemon Tachibana, a national treasure of Japan famous for his manipulation of Bunraku puppets. Ukon is a child doll puppet made in the early Meiji era by the famous female dollmaker Unosuke. Together they run into murders and solve them."
1312,TV,26,Finished Airing,"Oct 5, 1999 to Mar 28, 2000",Fall 1999,Sotsu,ADV Films,Xebec,Original,"Adventure, Comedy, Sci-Fi",25 min. per ep.,PG-13 - Teens 13 or older,32,Dai-Guard: Terrestrial Defense Corp.,Chikyuu Bouei Kigyou Dai-Guard,7.15,3402,9471,6337,"Thirteen years after their sudden disappearance, an alien race known as the Heterodyne resurface without warning. To combat the Heterodyne, three office workers from the 21st Century Security Corporation operate Dai-Guard - a giant robot no longer regarded as an oversized paperweight. Unfortunately, Dai-Guard is somewhat obsolete and in disrepair. It's a tough job, but salarymen can also save the world."
2907,TV,66,Finished Airing,"Oct 2, 1999 to Jan 6, 2001",Fall 1999,Public & Basic,add some,Studio Bogey,Manga,"Comedy, Sci-Fi",25 min. per ep.,PG - Children,61,Unknown,Cyborg Kuro-chan,7.14,3464,8853,6505,"Kuro is just an ordinary cat who only wants to protect his owners who are an old couple that can't fend for themselves. One day while on a date with his girlfriend Pooly who is a dog, he is kidnapped by an evil scientist and turned into a robot. Kuro somehow removes the chip that controlled him and notices that people get scared with his new robotic appearance and that he can now talk like a human. He decides to disguise himself with the skin of a stuffed toy and to continue living as a pet."
347,TV,22,Finished Airing,"Oct 18, 1999 to Mar 27, 2000",Fall 1999,Aniplex,ADV Films,Bee Train,Game,"Action, Adventure, Fantasy, Sci-Fi",24 min. per ep.,PG-13 - Teens 13 or older,17,Wild Arms,Wild Arms: Twilight Venom,6.67,5709,8150,6757,"This anime is based on a playstation game under the same title. The story is about four people who travel the desolated land of Filgaea and carve themselves a legendary story while they're at it. These adventurers are Sheyenne Rainstorm, a gunslinger who holds the legendary weapon called ARMs; Kiel Aromax, a scientist who looks like he should be carrying a sword; Roleta Oratorio the Crest Sorceress, a magic-user who uses cards called Crests to cast spells; and Mirabelle Graceland, one of the Noble Red, which are a family of vampiric creatures who live alongside human beings They also travel with cute little intelligent furry things, from the Popepi Pipepo Tribe, named Isaac and Jerusha."
744,TV,20,Finished Airing,"Oct 8, 1999 to Mar 24, 2000",Fall 1999,Robot Communications,VIZ Media,AIC,Radio,"Comedy, Romance, Sci-Fi",23 min. per ep.,G - All Ages,17,Unknown,Trouble Chocolate,6.51,6570,5763,7726,"Cacao, a student at Micro Grand Academy, wakes up one morning to find a girl made of wood sleeping in bed with him. She is Hinano, a tree spirit who possessed the body of a wooden puppet after Cacao messed up his magic teacher's spell. Having taken an instant liking to Cacao, Hinano enrolls in his school. Between Hinano, monsters, two strange twins and their four-eyed cat master, a demon boy, odd teachers and students, and the fact that he may have the potential to be one of the greatest magic users of all time, Cacao's life seems to have taken several turns for the worse...and the weird."
