index,rec_1,rec_3,rec_4,rec_5,rec_6,rec_7,rec_8,rec_9,rec_10,staff_1,staff_2,staff_3,staff_4,Title,Ranked,Popularity,Members,PositiveReviews,MixedReviews,NegativeReviews,Staff,Type,Episodes,Status,Aired,Producers,Licensors,Studios,Source,Genres,Themes,Demographic,Duration,Rating,Related_content,rec_2
8140,Mitsubachi Maya no Bouken,,,,,,,,,"Tsuda, Yoshizou:Episode Director","Shirahata, Bob:Script","Toriumi, Jinzou:Script","Takagi, Shinji:Script",Konchuu Monogatari Minashigo Hutch (1989),#3632,#11465,"1,818",0,0,0,"['Tsuda, Yoshizou', 'Episode Director'], ['Shirahata, Bob', 'Script'], ['Toriumi, Jinzou', 'Script'], ['Takagi, Shinji', 'Script']","Status, 
  Finished Airing","Aired, 
  Jul 21, 1989 to Aug 31, 1990","Premiered, 
Summer 1989","Broadcast, 
    Unknown","Studios, 
Tatsunoko Production","Source, 
  Unknown","Genres, 
AdventureAdventure,         ComedyComedy,         DramaDrama","Duration, 
  25 min. per ep.","Rating, 
  G - All Ages","Score, 
7.121 (scored by 869869 users)
      


1
          indicates a weighted score.","Ranked, 
  #36322

2
    based on the top anime page. Please note that 'Not yet aired' and 'R18+' titles are excluded.","Popularity, 
  #11465","Members, 
    1,818",Alternative version:: /anime/3858/Konchuu_Monogatari_Minashigo_Hutch,
25717,,,,,,,,,,,,,,AIUEO Anime Sekai no Douwa: Aesop Monogatari Anime Series,#7553,#13623,924,0,0,0,,"Episodes, 
  26","Status, 
  Finished Airing","Aired, 
  Jun 5, 1989 to Dec 5, 1989","Premiered, 
Summer 1989","Licensors, 
    None found, add some","Studios, 
    None found, add some","Source, 
  Unknown","Genres, 
AdventureAdventure,         FantasyFantasy","Demographic, 
KidsKids","Duration, 
  24 min. per ep.","Rating, 
  PG - Children","Score, 
6.361 (scored by 168168 users)
      


1
          indicates a weighted score.","Ranked, 
  #75532

2
    based on the top anime page. Please note that 'Not yet aired' and 'R18+' titles are excluded.",,
20201,,,,,,,,,,,,,,Easy Cooking Animation: Seishun no Shokutaku,#19321,#16195,473,0,0,0,,"Episodes, 
  25","Status, 
  Finished Airing","Aired, 
  Jul 5, 1989 to Jan 31, 1990","Premiered, 
Summer 1989","Licensors, 
    None found, add some","Studios, 
Madhouse","Source, 
  Unknown","Genres, 
ComedyComedy,         GourmetGourmet","Duration, 
  3 min. per ep.","Rating, 
  G - All Ages","Score, 
N/A1 (scored by - users)
      
1
          indicates a weighted score.","Ranked, 
  #193212

2
    based on the top anime page. Please note that 'Not yet aired' and 'R18+' titles are excluded.","Popularity, 
  #16195",,
949,Shinseiki Evangelion,Hoshi no Koe,Ace wo Nerae!,Sidonia no Kishi,Ace wo Nerae! (1979),Kidou Senshi Gundam 0083: Stardust Memory,Macross,FLCL,iDOLM@STER Xenoglossia,"Watanabe, Shigeru:Producer","Sasaki, Shirou:Producer","Anno, Hideaki:Director","Masuo, Shouichi:Episode Director",Top wo Nerae! Gunbuster,#843,#1727,"128,092",52,11,7,"['Watanabe, Shigeru', 'Producer'], ['Sasaki, Shirou', 'Producer'], ['Anno, Hideaki', 'Director'], ['Masuo, Shouichi', 'Episode Director']","Type, 
OVA","Episodes, 
  6","Status, 
  Finished Airing","Aired, 
  Oct 7, 1988 to Jul 7, 1989","Studios, 
Gainax","Source, 
  Original","Genres, 
ActionAction,         Award WinningAward Winning,         ComedyComedy,         DramaDrama,         Sci-FiSci-Fi","Themes, 
MechaMecha,         MilitaryMilitary,         SpaceSpace","Duration, 
  30 min. per ep.","Rating, 
  R+ - Mild Nudity","Score, 
7.861 (scored by 5338553,385 users)
      


1
          indicates a weighted score.","Ranked, 
  #8432

2
    based on the top anime page. Please note that 'Not yet aired' and 'R18+' titles are excluded.","Popularity, 
  #1727","Adaptation:: /manga/21158/Comic_Gunbuster, Sequel:: /anime/1002/Top_wo_Nerae_2_Diebuster, Alternative version:: /anime/1911/Top_wo_Nerae___Top_wo_Nerae_2_Gattai_Movie, Summary:: /anime/5462/Top_wo_Nerae_Kagaku_Kouza, Side story:: /anime/7248/Top_wo_Nerae_Gunbuster_Specials",Tengen Toppa Gurren Lagann
82,Hotaru no Haka,Soukou Kihei Votoms: Red Shoulder Document - Yabou no Roots,Made in Abyss,Birthday Boy,Shinseiki Evangelion,Top wo Nerae! Gunbuster,Shin Evangelion Movie: ||,"Ima, Soko ni Iru Boku",Kidou Senshi Gundam: Dai 08 MS Shoutai,"Maseba, Yutaka:Producer","Yatate, Hajime:Producer","Uchida, Kenji:Producer","Takayama, Fumihiko:Director",Kidou Senshi Gundam 0080: Pocket no Naka no Sensou,#633,#2794,"60,511",48,0,1,"['Maseba, Yutaka', 'Producer'], ['Yatate, Hajime', 'Producer'], ['Uchida, Kenji', 'Producer'], ['Takayama, Fumihiko', 'Director']","Episodes, 
  6","Status, 
  Finished Airing","Aired, 
  Mar 25, 1989 to Aug 25, 1989","Producers, 
Bandai Visual","Source, 
  Original","Genres, 
ActionAction,         DramaDrama,         Sci-FiSci-Fi","Themes, 
MechaMecha,         MilitaryMilitary,         SpaceSpace","Duration, 
  27 min. per ep.","Rating, 
  PG-13 - Teens 13 or older","Score, 
7.991 (scored by 3344233,442 users)
      


1
          indicates a weighted score.","Ranked, 
  #6332

2
    based on the top anime page. Please note that 'Not yet aired' and 'R18+' titles are excluded.","Popularity, 
  #2794","Members, 
    60,511","Adaptation:: /manga/23869/Kidou_Senshi_Gundam_0080__Pocket_no_Naka_no_Sensou, Prequel:: /anime/80/Kidou_Senshi_Gundam, Side story:: /anime/81/Kidou_Senshi_Gundam__Dai_08_MS_Shoutai, Sequel:: /anime/84/Kidou_Senshi_Gundam_0083__Stardust_Memory, Summary:: /anime/40464/Kidou_Senshi_Gundam__Hikaru_Inochi_Chronicle_UC",Vinland Saga
1347,Akira,Dirty Pair,Kyoushoku Soukou Guyver (1989),Black Magic M-66,Vividred Operation,Senki Zesshou Symphogear,Karas,Gall Force 1: Eternal Story,Project A-Ko,"Oobari, Masami:Director","Akiyama, Katsuhito:Director","Takayama, Fumihiko:Director","Gouda, Hiroaki:Director",Bubblegum Crisis,#2628,#2963,"54,265",19,4,0,"['Oobari, Masami', 'Director'], ['Akiyama, Katsuhito', 'Director'], ['Takayama, Fumihiko', 'Director'], ['Gouda, Hiroaki', 'Director']","Episodes, 
  8","Status, 
  Finished Airing","Aired, 
  Feb 25, 1987 to Jan 30, 1991","Producers, 
Youmex","Source, 
  Original","Genres, 
ActionAction,         AdventureAdventure,         Sci-FiSci-Fi","Themes, 
Adult CastAdult Cast,         MechaMecha","Duration, 
  41 min. per ep.","Rating, 
  R+ - Mild Nudity","Score, 
7.311 (scored by 1596315,963 users)
      


1
          indicates a weighted score.","Ranked, 
  #26282

2
    based on the top anime page. Please note that 'Not yet aired' and 'R18+' titles are excluded.","Popularity, 
  #2963","Members, 
    54,265","Alternative version:: /anime/568/Bubblegum_Crisis_Tokyo_2040, Alternative setting:: /anime/1346/AD_Police, Sequel:: /anime/1348/Bubblegum_Crash, Summary:: /anime/5036/Hurricane_Live_2033",Megazone 23
1351,Cyber City Oedo 808,Akira,Mad★Bull 34,Golgo 13,Byston Well Monogatari: Garzey no Tsubasa,Wild 7,Hon Ran,Black Magic M-66,Koukaku Kidoutai: Stand Alone Complex 2nd GIG,"Itano, Ichirou:Director","Aikawa, Shou:Script","Wolskel, John:Script","Kitakubo, Hiroyuki:Storyboard",Angel Cop,#9548,#4625,"22,007",11,7,6,"['Itano, Ichirou', 'Director'], ['Aikawa, Shou', 'Script'], ['Wolskel, John', 'Script'], ['Kitakubo, Hiroyuki', 'Storyboard']","Status, 
  Finished Airing","Aired, 
  Sep 1, 1989 to May 20, 1994","Producers, 
Soeishinsha","Licensors, 
Discotek Media","Genres, 
ActionAction,         Sci-FiSci-Fi","Themes, 
Adult CastAdult Cast,         GoreGore","Duration, 
  29 min. per ep.","Rating, 
  R+ - Mild Nudity","Score, 
5.981 (scored by 74547,454 users)
      


1
          indicates a weighted score.","Ranked, 
  #95482

2
    based on the top anime page. Please note that 'Not yet aired' and 'R18+' titles are excluded.","Popularity, 
  #4625","Members, 
    22,007","Favorites, 
  101",Adaptation:: /manga/42645/Angel_Cop,Genocyber
1935,Bubblegum Crisis,Venus Senki,Area 88,Zegapain,Macross Flash Back 2012,Grey: Digital Target,California Crisis: Tsuigeki no Juuka,The Animatrix,Sidonia no Kishi,"Ishiguro, Noboru:Director","Itano, Ichirou:Director","Aramaki, Shinji:Director","Yatagai, Kenichi:Director",Megazone 23,#5268,#4635,"21,876",10,2,2,"['Ishiguro, Noboru', 'Director'], ['Itano, Ichirou', 'Director'], ['Aramaki, Shinji', 'Director'], ['Yatagai, Kenichi', 'Director']","Type, 
OVA","Episodes, 
  4","Status, 
  Finished Airing","Aired, 
  Mar 9, 1985 to Dec 22, 1989","Studios, 
Artland,       AIC,       Artmic","Source, 
  Original","Genres, 
ActionAction,         MysteryMystery,         RomanceRomance,         Sci-FiSci-Fi","Themes, 
MechaMecha,         MusicMusic","Duration, 
  1 hr. 7 min. per ep.","Rating, 
  R+ - Mild Nudity","Score, 
6.771 (scored by 54455,445 users)
      


1
          indicates a weighted score.","Ranked, 
  #52682

2
    based on the top anime page. Please note that 'Not yet aired' and 'R18+' titles are excluded.","Popularity, 
  #4635",,Freedom
1468,Akira,JoJo no Kimyou na Bouken (TV),Kyoushoku Soukou Guyver (1989),JoJo no Kimyou na Bouken Part 3: Stardust Crusaders,Bio Hunter,JoJo no Kimyou na Bouken: Adventure,Riki-Oh: Toukatsu Jigoku,Devilman: Crybaby,Hokuto no Ken,"Matsuura, Noriyoshi:Sound Director","Terada, Kenji:Script","Machida, Yoshito:Theme Song Performance","Araki, Hirohiko:Original Creator",Baoh Raihousha,#8810,#4880,"19,453",9,7,2,"['Matsuura, Noriyoshi', 'Sound Director'], ['Terada, Kenji', 'Script'], ['Machida, Yoshito', 'Theme Song Performance'], ['Araki, Hirohiko', 'Original Creator']","Type, 
OVA","Episodes, 
  1","Status, 
  Finished Airing","Aired, 
  Sep 16, 1989","Studios, 
Pierrot","Source, 
  Manga","Genres, 
ActionAction,         Sci-FiSci-Fi","Themes, 
GoreGore,         Martial ArtsMartial Arts,         Super PowerSuper Power","Demographic, 
ShounenShounen","Duration, 
  46 min.","Rating, 
  R - 17+ (violence & profanity)","Score, 
6.131 (scored by 94819,481 users)
      


1
          indicates a weighted score.","Ranked, 
  #88102

2
    based on the top anime page. Please note that 'Not yet aired' and 'R18+' titles are excluded.",Adaptation:: /manga/1515/Baoh_Raihousha,Genocyber
6016,Devilman: Tanjou-hen,Kakugo no Susume,Seijuuki Cyguard,Kiseijuu: Sei no Kakuritsu,Tetsuwan Birdy Decode,Ultraman,Akira,Devilman: Crybaby,Tatakae!! Iczer-1,"Watanabe, Jun:Sound Director","Watanabe, Sumio:Episode Director","Ishiyama, Takaaki:Storyboard","Ishihara, Shinichi:Theme Song Performance",Kyoushoku Soukou Guyver (1989),#3785,#5488,"14,308",5,1,0,"['Watanabe, Jun', 'Sound Director'], ['Watanabe, Sumio', 'Episode Director'], ['Ishiyama, Takaaki', 'Storyboard'], ['Ishihara, Shinichi', 'Theme Song Performance']","Type, 
OVA","Episodes, 
  6","Status, 
  Finished Airing","Aired, 
  Sep 25, 1989 to Feb 25, 1990","Studios, 
Visual 80","Source, 
  Manga","Genres, 
ActionAction,         HorrorHorror,         Sci-FiSci-Fi","Themes, 
GoreGore,         Super PowerSuper Power","Demographic, 
ShounenShounen","Duration, 
  29 min. per ep.","Rating, 
  PG-13 - Teens 13 or older","Score, 
7.091 (scored by 59675,967 users)
      


1
          indicates a weighted score.","Ranked, 
  #37852

2
    based on the top anime page. Please note that 'Not yet aired' and 'R18+' titles are excluded.","Adaptation:: /manga/1608/Kyoushoku_Soukou_Guyver, Sequel:: /anime/1336/Kyoushoku_Soukou_Guyver_II, Alternative version:: /anime/1374/Kyoushoku_Soukou_Guyver_2005",Baoh Raihousha
2117,,,,,,,,,,"Sekita, Osamu:Director","Watanabe, Jun:Sound Director","Matsuura, Noriyoshi:Sound Director","Ozawa, Kazuhiro:Episode Director",Shin Captain Tsubasa,#3431,#5747,"12,725",1,0,0,"['Sekita, Osamu', 'Director'], ['Watanabe, Jun', 'Sound Director'], ['Matsuura, Noriyoshi', 'Sound Director'], ['Ozawa, Kazuhiro', 'Episode Director']","Episodes, 
  13","Status, 
  Finished Airing","Aired, 
  Jul 1, 1989 to Jul 1, 1990","Producers, 
Movic,       Shueisha,       CBS,       animate","Source, 
  Manga","Genre, 
SportsSports","Theme, 
Team SportsTeam Sports","Demographic, 
ShounenShounen","Duration, 
  26 min. per ep.","Rating, 
  G - All Ages","Score, 
7.161 (scored by 71067,106 users)
      


1
          indicates a weighted score.","Ranked, 
  #34312

2
    based on the top anime page. Please note that 'Not yet aired' and 'R18+' titles are excluded.","Popularity, 
  #5747","Adaptation:: /manga/1789/Captain_Tsubasa, Sequel:: /anime/1674/Captain_Tsubasa_J, Prequel:: /anime/2116/Captain_Tsubasa",
1324,Angel's Feather,D.N.Angel,Yami no Matsuei,Kashou no Tsuki: Aki Kyougen,Ayashi no Ceres,Boku no Chikyuu wo Mamotte,Be-Boy Kidnapp'n Idol,,,"Oonuki, Kenichi:Director","Kogawa, Yoriyasu:Director","Taniguchi, Gorou:Production Manager","Kouga, Yun:Original Character Design",Earthian,#9431,#6073,"11,097",3,2,6,"['Oonuki, Kenichi', 'Director'], ['Kogawa, Yoriyasu', 'Director'], ['Taniguchi, Gorou', 'Production Manager'], ['Kouga, Yun', 'Original Character Design']","Episodes, 
  4","Status, 
  Finished Airing","Aired, 
  Jul 26, 1989 to Dec 21, 1996","Producers, 
Youmex","Source, 
  Manga","Genres, 
Boys LoveBoys Love,         DramaDrama","Demographic, 
ShoujoShoujo","Duration, 
  35 min. per ep.","Rating, 
  R - 17+ (violence & profanity)","Score, 
6.011 (scored by 38513,851 users)
      


1
          indicates a weighted score.","Ranked, 
  #94312

2
    based on the top anime page. Please note that 'Not yet aired' and 'R18+' titles are excluded.","Popularity, 
  #6073","Members, 
    11,097",Adaptation:: /manga/753/Earthian,Tenshi Kinryouku
4639,Mawaru Penguindrum,Suzumiya Haruhi no Yuuutsu,Vlad Love,Shoujo Kakumei Utena,Memory,Yojouhan Shinwa Taikei,Yojouhan Time Machine Blues,Kyousou Giga (TV),,"Oshii, Mamoru:Director","Nanke, Kouji:Episode Director","Kawai, Kenji:Theme Song Arrangement","Chiba, Shigeru:Recording",Gosenzo-sama Banbanzai!,#2431,#6500,"9,475",5,1,1,"['Oshii, Mamoru', 'Director'], ['Nanke, Kouji', 'Episode Director'], ['Kawai, Kenji', 'Theme Song Arrangement'], ['Chiba, Shigeru', 'Recording']","Type, 
OVA","Episodes, 
  6","Status, 
  Finished Airing","Aired, 
  Aug 5, 1989 to Jan 25, 1990","Studios, 
Pierrot","Source, 
  Original","Genres, 
Avant GardeAvant Garde,         ComedyComedy,         DramaDrama,         Sci-FiSci-Fi","Theme, 
PsychologicalPsychological","Duration, 
  30 min. per ep.","Rating, 
  R - 17+ (violence & profanity)","Score, 
7.351 (scored by 25882,588 users)
      


1
          indicates a weighted score.","Ranked, 
  #24312

2
    based on the top anime page. Please note that 'Not yet aired' and 'R18+' titles are excluded.","Popularity, 
  #6500",Summary:: /anime/4640/Maroko,3-gatsu no Lion
434,Plastic Little,Haou Taikei Ryuu Knight,Legend of Crystania,Amon Saga,Eiyuu Gaiden Mozaicka,Genmu Senki Leda,Time Slip Ichimannen: Prime Rose,Xanadu Dragonslayer Densetsu,Tobira wo Akete,"Yoshimoto, Kinji:Director","Yamada, Etsuji:Sound Director","Urushihara, Satoshi:Creator","Itou, Kouji:Key Animation",Legend of Lemnear: Kyokuguro no Tsubasa Valkisas,#11370,#6800,"8,434",3,2,4,"['Yoshimoto, Kinji', 'Director'], ['Yamada, Etsuji', 'Sound Director'], ['Urushihara, Satoshi', 'Creator'], ['Itou, Kouji', 'Key Animation']","Type, 
OVA","Episodes, 
  1","Status, 
  Finished Airing","Aired, 
  Jul 25, 1989","Studios, 
AIC","Source, 
  Original","Genres, 
ActionAction,         AdventureAdventure,         FantasyFantasy","Duration, 
  42 min.","Rating, 
  R+ - Mild Nudity","Score, 
5.531 (scored by 36663,666 users)
      


1
          indicates a weighted score.","Ranked, 
  #113702

2
    based on the top anime page. Please note that 'Not yet aired' and 'R18+' titles are excluded.","Popularity, 
  #6800","Members, 
    8,434","Adaptation:: /manga/1780/Legend_of_Lemnear, Alternative version:: /anime/37506/Legend_of_Lemnear__Kyokuguro_no_Tsubasa_Valkisas_Pilot_Film",Bastard!! Ankoku no Hakaishin
2306,,,,,,,,,,"Yatate, Hajime:Producer","Amino, Tetsurou:Director","Chiba, Kouichi:Sound Director","Tomino, Yoshiyuki:Original Creator",Kidou Senshi SD Gundam no Gyakushuu,#8431,#9204,"3,801",0,0,0,"['Yatate, Hajime', 'Producer'], ['Amino, Tetsurou', 'Director'], ['Chiba, Kouichi', 'Sound Director'], ['Tomino, Yoshiyuki', 'Original Creator']","Type, 
OVA","Episodes, 
  2","Status, 
  Finished Airing","Aired, 
  Jul 15, 1989","Studios, 
Sunrise","Source, 
  Original","Genre, 
ComedyComedy","Themes, 
MechaMecha,         ParodyParody","Duration, 
  12 min. per ep.","Rating, 
  PG-13 - Teens 13 or older","Score, 
6.201 (scored by 14281,428 users)
      


1
          indicates a weighted score.","Ranked, 
  #84312

2
    based on the top anime page. Please note that 'Not yet aired' and 'R18+' titles are excluded.","Popularity, 
  #9204",Other:: /anime/2302/Kidou_Senshi_SD_Gundam_Mk-I,
4389,Sonic★the★Hedgehog,Tonari no Tokoro,,,,,,,,"Miyamoto, Shigeru:Original Character Design",,,,Amada Anime Series: Super Mario Brothers,#12798,#9282,"3,691",1,3,4,"['Miyamoto, Shigeru', 'Original Character Design']","Episodes, 
  3","Status, 
  Finished Airing","Aired, 
  Aug 3, 1989","Producers, 
    None found, add some","Source, 
  Game","Genres, 
AdventureAdventure,         ComedyComedy","Duration, 
  11 min. per ep.","Rating, 
  PG - Children","Score, 
4.771 (scored by 16661,666 users)
      


1
          indicates a weighted score.","Ranked, 
  #127982

2
    based on the top anime page. Please note that 'Not yet aired' and 'R18+' titles are excluded.","Popularity, 
  #9282","Members, 
    3,691","Favorites, 
  14","Alternative setting:: /anime/3886/Super_Mario_Brothers__Peach-hime_Kyuushutsu_Daisakusen, Character:: /anime/28717/Luigis_Toy_Adventure, Other:: /anime/32521/Super_Mario_World__Mario_to_Yoshi_no_Bouken_Land",Manga Sekai Mukashibanashi
2051,,,,,,,,,,"Kanda, Takeyuki:Director","Mima, Masafumi:Sound Manager","Kurahashi, Shizuo:Sound Effects","Nakayama, Katsuichi:Animation Director",Akai Kiba: Blue Sonnet,#8303,#9962,"2,946",0,1,2,"['Kanda, Takeyuki', 'Director'], ['Mima, Masafumi', 'Sound Manager'], ['Kurahashi, Shizuo', 'Sound Effects'], ['Nakayama, Katsuichi', 'Animation Director']","Type, 
OVA","Episodes, 
  5","Status, 
  Finished Airing","Aired, 
  Jul 16, 1989 to Jun 25, 1990","Studios, 
Tatsunoko Production","Source, 
  Manga","Genres, 
ActionAction,         DramaDrama,         Sci-FiSci-Fi","Theme, 
Super PowerSuper Power","Demographic, 
ShoujoShoujo","Duration, 
  29 min. per ep.","Rating, 
  R+ - Mild Nudity","Score, 
6.231 (scored by 10151,015 users)
      


1
          indicates a weighted score.","Ranked, 
  #83032

2
    based on the top anime page. Please note that 'Not yet aired' and 'R18+' titles are excluded.",Adaptation:: /manga/8740/Akai_Kiba__Blue_Sonnet,
2839,Shinseiki Evangelion,Delpower X Bakuhatsu Miracle Genki!,,,,,,,,"Watanabe, Junichi:Director","Matsuura, Noriyoshi:Sound Director","Hayashibara, Megumi:Theme Song Performance",Shounen Shoujo Gasshoudan Mizuumi:Theme Song Performance,Ariel Visual,#11663,#10740,"2,314",0,4,2,"['Watanabe, Junichi', 'Director'], ['Matsuura, Noriyoshi', 'Sound Director'], ['Hayashibara, Megumi', 'Theme Song Performance'], ['Shounen Shoujo Gasshoudan Mizuumi', 'Theme Song Performance']","Status, 
  Finished Airing","Aired, 
  Jul 21, 1989 to Aug 21, 1989","Producers, 
animate Film","Licensors, 
Central Park Media","Genres, 
ActionAction,         ComedyComedy,         Sci-FiSci-Fi","Theme, 
MechaMecha","Duration, 
  27 min. per ep.","Rating, 
  PG-13 - Teens 13 or older","Score, 
5.431 (scored by 721721 users)
      


1
          indicates a weighted score.","Ranked, 
  #116632

2
    based on the top anime page. Please note that 'Not yet aired' and 'R18+' titles are excluded.","Popularity, 
  #10740","Members, 
    2,314","Favorites, 
  0","Adaptation:: /manga/125553/Ariel, Sequel:: /anime/2837/Ariel_Deluxe",Neo Ranga
2697,,,,,,,,,,"Kageyama, Shigenori:Director","Tomita, Sukehiro:Script","Serizawa, Rui:Theme Song Lyrics","Tsuburaya, Yuuko:Theme Song Performance",Hi-Speed Jecy,#7572,#11528,"1,781",1,1,1,"['Kageyama, Shigenori', 'Director'], ['Tomita, Sukehiro', 'Script'], ['Serizawa, Rui', 'Theme Song Lyrics'], ['Tsuburaya, Yuuko', 'Theme Song Performance']","Episodes, 
  12","Status, 
  Finished Airing","Aired, 
  Sep 5, 1989 to Mar 5, 1990","Producers, 
VAP","Source, 
  Light novel","Genres, 
ActionAction,         Sci-FiSci-Fi","Duration, 
  28 min. per ep.","Rating, 
  R - 17+ (violence & profanity)","Score, 
6.361 (scored by 393393 users)
      


1
          indicates a weighted score.","Ranked, 
  #75722

2
    based on the top anime page. Please note that 'Not yet aired' and 'R18+' titles are excluded.","Popularity, 
  #11528","Members, 
    1,781","Favorites, 
  1",Adaptation:: /manga/96258/Hi-Speed_Jecy,
11799,Fumoon,,,,,,,,,"Tezuka, Osamu:Director","Nishimura, Hiroshi:Storyboard",,,Midori no Neko,#11372,#11638,"1,718",0,1,2,"['Tezuka, Osamu', 'Director'], ['Nishimura, Hiroshi', 'Storyboard']","Episodes, 
  1","Status, 
  Finished Airing","Aired, 
  Jul 1989","Producers, 
    None found, add some","Source, 
  Manga","Genre, 
MysteryMystery","Duration, 
  24 min.","Rating, 
  PG-13 - Teens 13 or older","Score, 
5.531 (scored by 837837 users)
      


1
          indicates a weighted score.","Ranked, 
  #113722

2
    based on the top anime page. Please note that 'Not yet aired' and 'R18+' titles are excluded.","Popularity, 
  #11638","Members, 
    1,718","Favorites, 
  0","Adaptation:: /manga/27743/Lion_Books, Other:: /anime/6462/Amefuri_Kozou",
6419,,,,,,,,,,,,,,Cinderella Express,#12384,#11740,"1,646",0,0,0,,"Status, 
  Finished Airing","Aired, 
  Aug 16, 1989","Producers, 
    None found, add some","Licensors, 
    None found, add some","Genres, 
ComedyComedy,         RomanceRomance,         EcchiEcchi","Demographic, 
SeinenSeinen","Duration, 
  47 min.","Rating, 
  R+ - Mild Nudity","Score, 
5.121 (scored by 389389 users)
      


1
          indicates a weighted score.","Ranked, 
  #123842

2
    based on the top anime page. Please note that 'Not yet aired' and 'R18+' titles are excluded.","Popularity, 
  #11740","Members, 
    1,646","Favorites, 
  2",Adaptation:: /manga/29613/Cinderella_Express,
12795,Fuuma no Kojirou: Yasha-hen,,,,,,,,,"Yamasaki, Osamu:Director","Matsumoto, Yoshihisa:Director","Honda, Yasunori:Sound Director",YUKA:Theme Song Performance,Yajikita Gakuen Douchuuki,#11365,#11910,"1,555",1,0,1,"['Yamasaki, Osamu', 'Director'], ['Matsumoto, Yoshihisa', 'Director'], ['Honda, Yasunori', 'Sound Director'], ['YUKA', 'Theme Song Performance']","Episodes, 
  2","Status, 
  Finished Airing","Aired, 
  Sep 15, 1989 to Jul 25, 1991","Producers, 
    None found, add some","Source, 
  Manga","Genre, 
AdventureAdventure","Themes, 
Martial ArtsMartial Arts,         SchoolSchool","Demographic, 
ShoujoShoujo","Duration, 
  40 min. per ep.","Rating, 
  PG-13 - Teens 13 or older","Score, 
5.531 (scored by 394394 users)
      


1
          indicates a weighted score.","Ranked, 
  #113652

2
    based on the top anime page. Please note that 'Not yet aired' and 'R18+' titles are excluded.","Popularity, 
  #11910",Adaptation:: /manga/147135/Yajikita_Gakuen_Douchuuki,
3762,,,,,,,,,,"Negishi, Hiroshi:Director","Terahigashi, Katsumi:Storyboard","Inoue, Kazuhiko:Theme Song Performance","Yamadera, Kouichi:Theme Song Performance",The Borgman: Last Battle,#9525,#12648,"1,215",0,0,0,"['Negishi, Hiroshi', 'Director'], ['Terahigashi, Katsumi', 'Storyboard'], ['Inoue, Kazuhiko', 'Theme Song Performance'], ['Yamadera, Kouichi', 'Theme Song Performance']","Type, 
OVA","Episodes, 
  1","Status, 
  Finished Airing","Aired, 
  Sep 16, 1989","Studios, 
Ashi Productions","Source, 
  Other","Genres, 
ActionAction,         Sci-FiSci-Fi","Theme, 
MythologyMythology","Duration, 
  59 min.","Rating, 
  PG-13 - Teens 13 or older","Score, 
5.981 (scored by 354354 users)
      


1
          indicates a weighted score.","Ranked, 
  #95252

2
    based on the top anime page. Please note that 'Not yet aired' and 'R18+' titles are excluded.","Popularity, 
  #12648","Prequel:: /anime/3763/Chouon_Senshi_Borgman__Lovers_Rain, Sequel:: /anime/3764/Chouon_Senshi_Borgman_2__Shinseiki_2058",
7162,,,,,,,,,,,,,,Yaruki Manman,N/A,#13526,948,1,1,0,,"Status, 
  Finished Airing","Aired, 
  Aug 25, 1989 to Aug 10, 1990","Producers, 
Toei Video","Licensors, 
    None found, add some","Genres, 
ComedyComedy,         HentaiHentai","Theme, 
ParodyParody","Duration, 
  39 min. per ep.","Rating, 
  R+ - Mild Nudity","Score, 
5.071 (scored by 290290 users)
      


1
          indicates a weighted score.","Ranked, 
  N/A2

2
    based on the top anime page. Please note that 'Not yet aired' and 'R18+' titles are excluded.","Popularity, 
  #13526","Members, 
    948","Favorites, 
  2",Sequel:: /anime/5564/Age_Man_to_Fuku_Chin,
13051,Dakaretai Onna,,,,,,,,,,,,,Bishoujo Animerama: Miyuki-chan SOS-H Shichauzo,N/A,#13538,945,0,0,0,,"Episodes, 
  1","Status, 
  Finished Airing","Aired, 
  Aug 24, 1989","Producers, 
    None found, add some","Source, 
  Unknown","Genre, 
HentaiHentai","Duration, 
  30 min.","Rating, 
  Rx - Hentai","Score, 
4.491 (scored by 290290 users)
      


1
          indicates a weighted score.","Ranked, 
  N/A2

2
    based on the top anime page. Please note that 'Not yet aired' and 'R18+' titles are excluded.","Popularity, 
  #13538","Members, 
    945","Favorites, 
  1",Other:: /anime/18479/Bishoujo_Animerama__Minami_no_Watashi_no_Heart_ni_Tacchi_Shite,
9403,,,,,,,,,,"Iuchi, Shuji:Director","Kagawa, Yutaka:Director","Koyama, Takao:Script","Yatate, Hajime:Original Creator",Shin Mashin Eiyuuden Wataru Majinzan,#7784,#13949,850,0,0,0,"['Iuchi, Shuji', 'Director'], ['Kagawa, Yutaka', 'Director'], ['Koyama, Takao', 'Script'], ['Yatate, Hajime', 'Original Creator']","Episodes, 
  2","Status, 
  Finished Airing","Aired, 
  Aug 5, 1989 to Sep 5, 1989","Producers, 
    None found, add some","Source, 
  Unknown","Genres, 
ActionAction,         AdventureAdventure,         ComedyComedy,         FantasyFantasy,         Sci-FiSci-Fi","Theme, 
MechaMecha","Duration, 
  25 min. per ep.","Rating, 
  G - All Ages","Score, 
6.321 (scored by 217217 users)
      


1
          indicates a weighted score.","Ranked, 
  #77842

2
    based on the top anime page. Please note that 'Not yet aired' and 'R18+' titles are excluded.","Popularity, 
  #13949","Members, 
    850",Parent story:: /anime/3837/Mashin_Eiyuuden_Wataru,
10045,,,,,,,,,,,,,,Seishun Fuufu Monogatari: Koiko no Mainichi,#11330,#14166,796,0,0,0,,"Episodes, 
  2","Status, 
  Finished Airing","Aired, 
  Sep 22, 1989 to Mar 23, 1990","Producers, 
Creative Bridge","Source, 
  Manga","Genres, 
ComedyComedy,         DramaDrama,         RomanceRomance,         EcchiEcchi","Theme, 
Organized CrimeOrganized Crime","Demographic, 
SeinenSeinen","Duration, 
  50 min. per ep.","Rating, 
  R+ - Mild Nudity","Score, 
5.541 (scored by 143143 users)
      


1
          indicates a weighted score.","Ranked, 
  #113302

2
    based on the top anime page. Please note that 'Not yet aired' and 'R18+' titles are excluded.","Popularity, 
  #14166",Adaptation:: /manga/131968/Seishun_Fuufu_Monogatari__Koiko_no_Mainichi,
5994,,,,,,,,,,,,,,Midoriyama Koukou Koushien-hen,#16324,#15159,596,0,0,0,,"Episodes, 
  10","Status, 
  Finished Airing","Aired, 
  Sep 25, 1989 to Dec 16, 1990","Producers, 
Animaruya","Source, 
  Unknown","Genres, 
ComedyComedy,         SportsSports","Themes, 
SchoolSchool,         Team SportsTeam Sports","Duration, 
  42 min. per ep.","Rating, 
  PG-13 - Teens 13 or older","Score, 
N/A1 (scored by - users)
      
1
          indicates a weighted score.","Ranked, 
  #163242

2
    based on the top anime page. Please note that 'Not yet aired' and 'R18+' titles are excluded.","Popularity, 
  #15159","Members, 
    596",Summary:: /anime/8522/Midoriyama_Koukou_Koushien-hen_Movie,
11959,,,,,,,,,,,,,,Moeru! Oniisan (OVA),#9470,#15286,579,0,0,0,,"Episodes, 
  2","Status, 
  Finished Airing","Aired, 
  Jul 1, 1989 to Aug 2, 1989","Producers, 
    None found, add some","Source, 
  Manga","Genre, 
ComedyComedy","Demographic, 
ShounenShounen","Duration, 
  31 min. per ep.","Rating, 
  PG-13 - Teens 13 or older","Score, 
6.001 (scored by 162162 users)
      


1
          indicates a weighted score.","Ranked, 
  #94702

2
    based on the top anime page. Please note that 'Not yet aired' and 'R18+' titles are excluded.","Popularity, 
  #15286","Members, 
    579",Parent story:: /anime/6067/Moeru_Oniisan,
22625,Hoshi no Yuuenchi,,,,,,,,,"Hata, Masami:Director",,,,Kerokero Keroppi no Daibouken,#11126,#16394,454,0,0,1,"['Hata, Masami', 'Director']","Type, 
OVA","Episodes, 
  1","Status, 
  Finished Airing","Aired, 
  Sep 27, 1989","Studios, 
    None found, add some","Source, 
  Other","Genres, 
AdventureAdventure,         FantasyFantasy","Demographic, 
KidsKids","Duration, 
  10 min.","Rating, 
  G - All Ages","Score, 
5.601 (scored by 128128 users)
      


1
          indicates a weighted score.","Ranked, 
  #111262

2
    based on the top anime page. Please note that 'Not yet aired' and 'R18+' titles are excluded.","Popularity, 
  #16394",,
22499,,,,,,,,,,,,,,Kitty to Mimmy no Happy Birthday,#10058,#16878,413,0,1,0,,"Episodes, 
  1","Status, 
  Finished Airing","Aired, 
  Sep 27, 1989","Producers, 
Sanrio","Source, 
  Unknown","Genre, 
FantasyFantasy","Demographic, 
KidsKids","Duration, 
  11 min.","Rating, 
  G - All Ages","Score, 
5.861 (scored by 112112 users)
      


1
          indicates a weighted score.","Ranked, 
  #100582

2
    based on the top anime page. Please note that 'Not yet aired' and 'R18+' titles are excluded.","Popularity, 
  #16878","Members, 
    413",,
16994,,,,,,,,,,,,,,Mandalaya no Ryouta: Kukidani Onsen Enshou Soudou Tan,#16098,#16934,409,0,0,0,,"Episodes, 
  2","Status, 
  Finished Airing","Aired, 
  Sep 25, 1989","Producers, 
    None found, add some","Source, 
  Manga","Genres, 
ComedyComedy,         EcchiEcchi","Demographic, 
SeinenSeinen","Duration, 
  23 min. per ep.","Rating, 
  R+ - Mild Nudity","Score, 
N/A1 (scored by - users)
      
1
          indicates a weighted score.","Ranked, 
  #160982

2
    based on the top anime page. Please note that 'Not yet aired' and 'R18+' titles are excluded.","Popularity, 
  #16934","Members, 
    409",,
33079,,,,,,,,,,,,,,Meikyoku to Dai Sakkyokka Monogatari,#16207,#18139,319,0,0,0,,"Status, 
  Finished Airing","Aired, 
  Jul 25, 1989 to Aug 25, 1990","Producers, 
Walkers Company","Licensors, 
    None found, add some","Themes, 
HistoricalHistorical,         MusicMusic","Duration, 
  22 min. per ep.","Rating, 
  G - All Ages","Score, 
N/A1 (scored by - users)
      
1
          indicates a weighted score.","Ranked, 
  #162072

2
    based on the top anime page. Please note that 'Not yet aired' and 'R18+' titles are excluded.","Popularity, 
  #18139","Members, 
    319","Favorites, 
  0",,,
28021,,,,,,,,,,,,,,Ishii Hisaichi no Nanda Kanda Gekijou,#20293,#18709,282,0,0,0,,"Episodes, 
  2","Status, 
  Finished Airing","Aired, 
  Jul 25, 1989 to Nov 25, 1989","Producers, 
    None found, add some","Source, 
  Unknown","Genres, 
ComedyComedy,         Sci-FiSci-Fi","Themes, 
Martial ArtsMartial Arts,         SpaceSpace","Duration, 
  31 min. per ep.","Rating, 
  PG - Children","Score, 
N/A1 (scored by - users)
      
1
          indicates a weighted score.","Ranked, 
  #202932

2
    based on the top anime page. Please note that 'Not yet aired' and 'R18+' titles are excluded.","Popularity, 
  #18709","Members, 
    282",,
512,Flying Witch,Little Witch Academia,Mary to Majo no Hana,Mimi wo Sumaseba,Howl no Ugoku Shiro,Little Witch Academia (TV),Majo no Tabitabi,Tonari no Totoro,Karigurashi no Arrietty,"Miyazaki, Hayao:Producer","Tanaka, Eiko:Producer","Takahata, Isao:Sound Director","Medel, Jennifer:Script",Majo no Takkyuubin,#331,#374,"583,443",64,11,4,"['Miyazaki, Hayao', 'Producer'], ['Tanaka, Eiko', 'Producer'], ['Takahata, Isao', 'Sound Director'], ['Medel, Jennifer', 'Script']","Type, 
Movie","Episodes, 
  1","Status, 
  Finished Airing","Aired, 
  Jul 29, 1989","Studios, 
Studio Ghibli","Source, 
  Novel","Genres, 
AdventureAdventure,         Award WinningAward Winning,         ComedyComedy,         DramaDrama,         FantasyFantasy","Duration, 
  1 hr. 43 min.","Rating, 
  G - All Ages","Score, 
8.221 (scored by 379468379,468 users)
      


1
          indicates a weighted score.","Ranked, 
  #3312

2
    based on the top anime page. Please note that 'Not yet aired' and 'R18+' titles are excluded.","Popularity, 
  #374","Members, 
    583,443","Adaptation:: /manga/144298/Majo_no_Takkyuubin, Character:: /anime/35770/Hungry_Days__Aoharu_ka_yo",Sen to Chihiro no Kamikakushi
894,Toriko 3D: Kaimaku Gourmet Adventure!!,,,,,,,,,"Cook, Justin:Producer","Watson, Barry:Producer","Nishio, Daisuke:Director","Vale, Eric:Script",Dragon Ball Z Movie 01: Ora no Gohan wo Kaese!!,#6027,#1773,"123,379",8,8,2,"['Cook, Justin', 'Producer'], ['Watson, Barry', 'Producer'], ['Nishio, Daisuke', 'Director'], ['Vale, Eric', 'Script']","Type, 
Movie","Episodes, 
  1","Status, 
  Finished Airing","Aired, 
  Jul 15, 1989","Studios, 
Toei Animation","Source, 
  Manga","Genres, 
ActionAction,         AdventureAdventure,         ComedyComedy,         FantasyFantasy,         Sci-FiSci-Fi","Demographic, 
ShounenShounen","Duration, 
  41 min.","Rating, 
  PG-13 - Teens 13 or older","Score, 
6.631 (scored by 7674576,745 users)
      


1
          indicates a weighted score.","Ranked, 
  #60272

2
    based on the top anime page. Please note that 'Not yet aired' and 'R18+' titles are excluded.","Popularity, 
  #1773",Parent story:: /anime/813/Dragon_Ball_Z,
1095,Koukaku Kidoutai,Psycho-Pass,Shinseiki Evangelion,Top wo Nerae! Gunbuster,Metropolis,Ergo Proxy,Serial Experiments Lain,,,"Ishikawa, Mitsuhisa:Producer","Maki, Taro:Producer","Oshii, Mamoru:Director","Sawai, Kouji:Episode Director",Kidou Keisatsu Patlabor the Movie,#1624,#3172,"47,503",13,0,1,"['Ishikawa, Mitsuhisa', 'Producer'], ['Maki, Taro', 'Producer'], ['Oshii, Mamoru', 'Director'], ['Sawai, Kouji', 'Episode Director']","Type, 
Movie","Episodes, 
  1","Status, 
  Finished Airing","Aired, 
  Jul 15, 1989","Studios, 
Production I.G,       Studio Deen","Source, 
  Original","Genres, 
ActionAction,         DramaDrama","Themes, 
Adult CastAdult Cast,         MechaMecha,         MilitaryMilitary","Duration, 
  1 hr. 39 min.","Rating, 
  PG-13 - Teens 13 or older","Score, 
7.551 (scored by 2015920,159 users)
      


1
          indicates a weighted score.","Ranked, 
  #16242

2
    based on the top anime page. Please note that 'Not yet aired' and 'R18+' titles are excluded.","Popularity, 
  #3172","Sequel:: /anime/1096/Kidou_Keisatsu_Patlabor_2_the_Movie, Prequel:: /anime/1288/Kidou_Keisatsu_Patlabor, Other:: /anime/33741/Kidou_Keisatsu_Patlabor__Reboot",Paprika
2286,Steamboy,Taiyou no Ouji: Horus no Daibouken,Totsuzen! Neko no Kuni Banipal Witt,Neko no Ongaeshi,Hirune Hime: Shiranai Watashi no Monogatari,,,,,"Hata, Masami:Director","Takahata, Isao:Production Assistant","Kamiyama, Kenji:Background Art",Moebius:Background Art,Little Nemo,#3315,#6217,"10,449",4,5,1,"['Hata, Masami', 'Director'], ['Takahata, Isao', 'Production Assistant'], ['Kamiyama, Kenji', 'Background Art'], ['Moebius', 'Background Art']","Type, 
Movie","Episodes, 
  1","Status, 
  Finished Airing","Aired, 
  Jul 15, 1989","Studios, 
Tokyo Movie Shinsha","Source, 
  Picture book","Genres, 
AdventureAdventure,         FantasyFantasy","Duration, 
  1 hr. 34 min.","Rating, 
  G - All Ages","Score, 
7.181 (scored by 51685,168 users)
      


1
          indicates a weighted score.","Ranked, 
  #33152

2
    based on the top anime page. Please note that 'Not yet aired' and 'R18+' titles are excluded.","Popularity, 
  #6217","Members, 
    10,449",Other:: /anime/13789/Little_Nemo_Pilot_1984,Sen to Chihiro no Kamikakushi
9291,,,,,,,,,,"Kohanawa, Tameo:Director","Hata, Masami:Chief Animation Director","Grimm, Jacob and Wilhelm:Original Creator","Tsuji, Shintarou:Executive Producer",Hello Kitty no Cinderella,#7549,#11818,"1,602",0,0,0,"['Kohanawa, Tameo', 'Director'], ['Hata, Masami', 'Chief Animation Director'], ['Grimm, Jacob and Wilhelm', 'Original Creator'], ['Tsuji, Shintarou', 'Executive Producer']","Type, 
Movie","Episodes, 
  1","Status, 
  Finished Airing","Aired, 
  Jul 22, 1989","Studios, 
    None found, add some","Source, 
  Unknown","Genre, 
FantasyFantasy","Demographic, 
KidsKids","Duration, 
  30 min.","Rating, 
  PG - Children","Score, 
6.371 (scored by 656656 users)
      


1
          indicates a weighted score.","Ranked, 
  #75492

2
    based on the top anime page. Please note that 'Not yet aired' and 'R18+' titles are excluded.","Popularity, 
  #11818","Other:: /anime/9292/Kiki_to_Lala_no_Aoi_Tori, Alternative version:: /anime/30264/Hello_Kitty_no_Cinderella_OVA",
8226,,,,,,,,,,"Satou, Junichi:Director",Koorogi '73:Theme Song Performance,"Shiramine, Mitsuko:Theme Song Lyrics","Mizuki, Shigeru:Original Creator",Akuma-kun (Movie),#8664,#12743,"1,181",0,0,0,"['Satou, Junichi', 'Director'], [""Koorogi '73"", 'Theme Song Performance'], ['Shiramine, Mitsuko', 'Theme Song Lyrics'], ['Mizuki, Shigeru', 'Original Creator']","Episodes, 
  1","Status, 
  Finished Airing","Aired, 
  Jul 15, 1989","Producers, 
    None found, add some","Source, 
  Unknown","Genres, 
AdventureAdventure,         FantasyFantasy,         HorrorHorror,         SupernaturalSupernatural","Duration, 
  40 min.","Rating, 
  G - All Ages","Score, 
6.151 (scored by 388388 users)
      


1
          indicates a weighted score.","Ranked, 
  #86642

2
    based on the top anime page. Please note that 'Not yet aired' and 'R18+' titles are excluded.","Popularity, 
  #12743","Members, 
    1,181","Favorites, 
  1",Alternative version:: /anime/8194/Akuma-kun,
12971,,,,,,,,,,"Horie, Mitsuko:Theme Song Performance",Koorogi '73:Theme Song Performance,"Kosaka, Harume:Assistant Director","Honma, Yusuke:Music",Himitsu no Akko-chan: Umi da! Obake da!! Natsu Matsuri,#10361,#14475,724,0,0,0,"['Horie, Mitsuko', 'Theme Song Performance'], [""Koorogi '73"", 'Theme Song Performance'], ['Kosaka, Harume', 'Assistant Director'], ['Honma, Yusuke', 'Music']","Status, 
  Finished Airing","Aired, 
  Jul 15, 1989","Producers, 
    None found, add some","Licensors, 
    None found, add some","Demographic, 
ShoujoShoujo","Duration, 
  24 min.","Rating, 
  G - All Ages","Score, 
5.791 (scored by 216216 users)
      


1
          indicates a weighted score.","Ranked, 
  #103612

2
    based on the top anime page. Please note that 'Not yet aired' and 'R18+' titles are excluded.","Popularity, 
  #14475","Members, 
    724","Favorites, 
  0",Main,Prequel:: /anime/12569/Himitsu_no_Akko-chan_Movie,
14253,,,,,,,,,,"Takayashiki, Hideo:Script","Hata, Masami:Chief Animation Director","Tsuji, Shintarou:Executive Producer","Matsuyama, Maya:Animation Director",My Melody no Akazukin,#10391,#14550,705,0,0,0,"['Takayashiki, Hideo', 'Script'], ['Hata, Masami', 'Chief Animation Director'], ['Tsuji, Shintarou', 'Executive Producer'], ['Matsuyama, Maya', 'Animation Director']","Episodes, 
  1","Status, 
  Finished Airing","Aired, 
  Jul 22, 1989","Producers, 
Sanrio","Source, 
  Unknown","Genre, 
FantasyFantasy","Demographic, 
KidsKids","Duration, 
  33 min.","Rating, 
  G - All Ages","Score, 
5.791 (scored by 182182 users)
      


1
          indicates a weighted score.","Ranked, 
  #103912

2
    based on the top anime page. Please note that 'Not yet aired' and 'R18+' titles are excluded.","Popularity, 
  #14550","Members, 
    705","Other:: /anime/9291/Hello_Kitty_no_Cinderella, Alternative version:: /anime/30468/My_Melody_no_Akazukin_OVA",
9292,,,,,,,,,,"Hata, Masami:Director","Terada, Kenji:Script","Satou, Masahiko:Theme Song Composition","Miwa, Katsue:Inserted Song Performance",Kiki to Lala no Aoi Tori,#9616,#15446,556,0,0,0,"['Hata, Masami', 'Director'], ['Terada, Kenji', 'Script'], ['Satou, Masahiko', 'Theme Song Composition'], ['Miwa, Katsue', 'Inserted Song Performance']","Episodes, 
  1","Status, 
  Finished Airing","Aired, 
  Jul 22, 1989","Producers, 
    None found, add some","Source, 
  Unknown","Demographic, 
KidsKids","Duration, 
  58 min.","Rating, 
  PG - Children","Score, 
5.961 (scored by 138138 users)
      


1
          indicates a weighted score.","Ranked, 
  #96162

2
    based on the top anime page. Please note that 'Not yet aired' and 'R18+' titles are excluded.","Popularity, 
  #15446","Members, 
    556","Favorites, 
  1",Other:: /anime/9291/Hello_Kitty_no_Cinderella,
17217,,,,,,,,,,,,,,Kankara Sanshin,#15405,#16048,489,0,0,0,,"Status, 
  Finished Airing","Aired, 
  Aug 4, 1989","Producers, 
Tokyo Animation Film","Licensors, 
    None found, add some","Genre, 
DramaDrama","Theme, 
HistoricalHistorical","Duration, 
  1 hr. 18 min.","Rating, 
  PG - Children","Score, 
N/A1 (scored by - users)
      
1
          indicates a weighted score.","Ranked, 
  #154052

2
    based on the top anime page. Please note that 'Not yet aired' and 'R18+' titles are excluded.","Popularity, 
  #16048","Members, 
    489","Favorites, 
  0",,
9531,,,,,,,,,,Rintarou:Director,"Hata, Masami:Director","Kobayashi, Katsuyoshi:Sound Director","Tezuka, Osamu:Original Creator",Tezuka Osamu Monogatari: Boku wa Son Gokuu,#7654,#13302,"1,006",0,0,0,"['Rintarou', 'Director'], ['Hata, Masami', 'Director'], ['Kobayashi, Katsuyoshi', 'Sound Director'], ['Tezuka, Osamu', 'Original Creator']","Episodes, 
  1","Status, 
  Finished Airing","Aired, 
  Aug 27, 1989","Producers, 
Tezuka Productions","Source, 
  Manga","Genre, 
AdventureAdventure","Duration, 
  1 hr. 9 min.","Rating, 
  G - All Ages","Score, 
6.341 (scored by 378378 users)
      


1
          indicates a weighted score.","Ranked, 
  #76542

2
    based on the top anime page. Please note that 'Not yet aired' and 'R18+' titles are excluded.","Popularity, 
  #13302","Members, 
    1,006","Favorites, 
  2","Adaptation:: /manga/19507/Boku_no_Son_Goku, Alternative version:: /anime/20189/Boku_no_Son_Gokuu",
