index,rec_1,rec_2,rec_3,rec_4,rec_5,rec_6,rec_7,rec_8,rec_9,rec_10,staff_1,staff_2,staff_3,staff_4,Title,Ranked,Popularity,Members,PositiveReviews,MixedReviews,NegativeReviews,Staff,Type,Episodes,Status,Aired,Producers,Licensors,Studios,Source,Genres,Themes,Demographic,Duration,Rating,Related_content
356,Shakugan no Shana,Mirai Nikki (TV),Claymore,Shingetsutan Tsukihime,Kurokami The Animation,Mai-HiME,Busou Renkin,Rozen Maiden,Zero no Tsukaima,Toaru Majutsu no Index,"Ogura, Mitsutoshi:Producer","Matsunaga, Takayuki:Producer","Urasaki, Nobumitsu:Producer","Tanaka, Junichirou:Assistant Producer",Fate/stay night,#2802,#167,"940,011",140,46,35,"['Ogura, Mitsutoshi', 'Producer'], ['Matsunaga, Takayuki', 'Producer'], ['Urasaki, Nobumitsu', 'Producer'], ['Tanaka, Junichirou', 'Assistant Producer']","Type, 
TV","Episodes, 
  24","Status, 
  Finished Airing","Aired, 
  Jan 7, 2006 to Jun 17, 2006","Producers, 
Geneon Universal Entertainment,       Frontier Works,       TBS,       KlockWorx,       Notes","Licensors, 
Sentai Filmworks,       Geneon Entertainment USA","Studios, 
Studio Deen","Source, 
  Visual novel","Genres, 
ActionAction,         FantasyFantasy,         RomanceRomance,         SupernaturalSupernatural","Duration, 
  24 min. per ep.","Rating, 
  R - 17+ (violence & profanity)","Score, 
7.281 (scored by 515486515,486 users)
      


1
          indicates a weighted score.","Ranked, 
  #28022

2
    based on the top anime page. Please note that 'Not yet aired' and 'R18+' titles are excluded.","Adaptation:: /manga/715/Fate_stay_night, Alternative version:: /anime/6922/Fate_stay_night_Movie__Unlimited_Blade_Works, Summary:: /anime/7559/Fate_stay_night_TV_Reproduction, Character:: /anime/10012/Carnival_Phantasm, Prequel:: /anime/11741/Fate_Zero_2nd_Season, Alternative setting:: /anime/14829/Fate_kaleid_liner_Prisma☆Illya, Spin-off:: /anime/37033/Emiya-san_Chi_no_Kyou_no_Gohan"
790,Serial Experiments Lain,Texhnolyze,Psycho-Pass,Shinseiki Evangelion,Casshern Sins,Wolf's Rain,Witch Hunter Robin,Koukaku Kidoutai: Stand Alone Complex,Shinsekai yori,Koukaku Kidoutai,"Matsuda, Akio:Producer","Kouchiyama, Takashi:Producer","Murase, Shukou:Director","Yamamoto, Sayo:Episode Director",Ergo Proxy,#770,#321,"646,611",168,33,14,"['Matsuda, Akio', 'Producer'], ['Kouchiyama, Takashi', 'Producer'], ['Murase, Shukou', 'Director'], ['Yamamoto, Sayo', 'Episode Director']","Episodes, 
  23","Status, 
  Finished Airing","Aired, 
  Feb 25, 2006 to Aug 12, 2006","Premiered, 
Winter 2006","Licensors, 
Funimation","Studios, 
Manglobe","Source, 
  Original","Genres, 
MysteryMystery,         Sci-FiSci-Fi,         SuspenseSuspense","Themes, 
Adult CastAdult Cast,         PsychologicalPsychological","Duration, 
  25 min. per ep.","Rating, 
  R - 17+ (violence & profanity)","Score, 
7.901 (scored by 239017239,017 users)
      


1
          indicates a weighted score.","Ranked, 
  #7702

2
    based on the top anime page. Please note that 'Not yet aired' and 'R18+' titles are excluded.",Adaptation:: /manga/10954/Ergo_Proxy__Centzon_Hitchers_and_Undertaker
710,Love Get Chu,Nodame Cantabile,Sakura-sou no Pet na Kanojo,Danna ga Nani wo Itteiru ka Wakaranai Ken,Hataraki Man,Shirobako,Gi(a)rlish Number,Binbou Shimai Monogatari,Lovely★Complex,Sakamichi no Apollon,"Nakamura, Shinichi:Producer","Kubota, Mitsutoshi:Producer","Kananiwa, Kozue:Producer","Tanaka, Junichirou:Assistant Producer",Rec,#2850,#1889,"113,130",42,3,4,"['Nakamura, Shinichi', 'Producer'], ['Kubota, Mitsutoshi', 'Producer'], ['Kananiwa, Kozue', 'Producer'], ['Tanaka, Junichirou', 'Assistant Producer']","Episodes, 
  9","Status, 
  Finished Airing","Aired, 
  Feb 3, 2006 to Mar 31, 2006","Premiered, 
Winter 2006","Licensors, 
    None found, add some","Studios, 
Shaft","Source, 
  Manga","Genres, 
ComedyComedy,         RomanceRomance","Themes, 
Adult CastAdult Cast,         ShowbizShowbiz","Demographic, 
SeinenSeinen","Duration, 
  13 min. per ep.","Rating, 
  PG-13 - Teens 13 or older","Score, 
7.271 (scored by 5783957,839 users)
      


1
          indicates a weighted score.","Adaptation:: /manga/663/●Rec, Side story:: /anime/1847/Rec__Yurusarezarumono"
587,Shigatsu wa Kimi no Uso,"Iriya no Sora, UFO no Natsu",Byousoku 5 Centimeter,Kimi ga Nozomu Eien,Kimi no Suizou wo Tabetai,ef: A Tale of Memories.,Shinigami no Ballad.,Shigofumi,Ano Hi Mita Hana no Namae wo Bokutachi wa Mada Shiranai.,Angel Beats!,"Ishiguro, Tatsuya:Producer","Kawando, Kenjirou:Producer","Matsushita, Yukihiro:Director","Yatabe, Katsuyoshi:Episode Director",Hanbun no Tsuki ga Noboru Sora,#1979,#2050,"100,699",30,4,3,"['Ishiguro, Tatsuya', 'Producer'], ['Kawando, Kenjirou', 'Producer'], ['Matsushita, Yukihiro', 'Director'], ['Yatabe, Katsuyoshi', 'Episode Director']","Type, 
TV","Episodes, 
  6","Status, 
  Finished Airing","Aired, 
  Jan 13, 2006 to Feb 24, 2006","Producers, 
Pony Canyon,       Dream Force","Licensors, 
Nozomi Entertainment,       Crimson Star Media","Studios, 
Group TAC","Source, 
  Light novel","Genres, 
DramaDrama,         RomanceRomance","Duration, 
  24 min. per ep.","Rating, 
  PG-13 - Teens 13 or older","Score, 
7.461 (scored by 4869348,693 users)
      


1
          indicates a weighted score.","Ranked, 
  #19792

2
    based on the top anime page. Please note that 'Not yet aired' and 'R18+' titles are excluded.",Adaptation:: /manga/10349/Hanbun_no_Tsuki_ga_Noboru_Sora
586,Aoi Bungaku Series,Mononoke,Itou Junji: Collection,Kyougoku Natsuhiko: Kousetsu Hyaku Monogatari,Kaguya-hime no Monogatari,Gakkou no Kaidan,Mushishi,xxxHOLiC,Another,Natsume Yuujinchou,"Yamamoto, Kouji:Producer","Sano, Hiroaki:Producer","Shibata, Hiroaki:Producer","Umezawa, Atsutoshi:Producer",Ayakashi: Japanese Classic Horror,#2291,#2429,"76,433",22,8,0,"['Yamamoto, Kouji', 'Producer'], ['Sano, Hiroaki', 'Producer'], ['Shibata, Hiroaki', 'Producer'], ['Umezawa, Atsutoshi', 'Producer']","Type, 
TV","Episodes, 
  11","Status, 
  Finished Airing","Aired, 
  Jan 13, 2006 to Mar 24, 2006","Producers, 
Dentsu,       SKY Perfect Well Think,       Fuji TV,       Asmik Ace,       Sony Music Entertainment","Licensors, 
Discotek Media,       Geneon Entertainment USA","Studios, 
Toei Animation","Source, 
  Other","Genres, 
HorrorHorror,         MysteryMystery,         SupernaturalSupernatural","Themes, 
Adult CastAdult Cast,         HistoricalHistorical,         PsychologicalPsychological","Duration, 
  23 min. per ep.","Rating, 
  R - 17+ (violence & profanity)","Score, 
7.381 (scored by 2573925,739 users)
      


1
          indicates a weighted score.","Adaptation:: /manga/5158/Mononoke, Sequel:: /anime/2246/Mononoke"
558,Giant Killing,Diamond no Ace,H2,Hungry Heart: Wild Striker,Tennis no Oujisama,Hikaru no Go,Hunter x Hunter (2011),,,,"Mitsunobu, Seiji:Producer","Kasai, Kenichi:Director","Kunisaki, Tomoya:Episode Director","Hishikawa, Naoki:Episode Director",Major S2,#373,#2528,"71,673",3,2,0,"['Mitsunobu, Seiji', 'Producer'], ['Kasai, Kenichi', 'Director'], ['Kunisaki, Tomoya', 'Episode Director'], ['Hishikawa, Naoki', 'Episode Director']","Status, 
  Finished Airing","Aired, 
  Dec 10, 2005 to Jun 10, 2006","Premiered, 
Winter 2006","Broadcast, 
    Unknown","Studios, 
Studio Hibari","Source, 
  Manga","Genre, 
SportsSports","Theme, 
Team SportsTeam Sports","Demographic, 
ShounenShounen","Duration, 
  25 min. per ep.","Rating, 
  PG-13 - Teens 13 or older","Score, 
8.191 (scored by 4528145,281 users)
      


1
          indicates a weighted score.","Ranked, 
  #3732

2
    based on the top anime page. Please note that 'Not yet aired' and 'R18+' titles are excluded.","Adaptation:: /manga/10978/Major, Prequel:: /anime/627/Major_S1, Sequel:: /anime/1842/Major_S3"
886,Inukami!,,,,,,,,,,"Motonaga, Keitarou:Director","Sokuza, Makoto:Episode Director","Ishikura, Kenichi:Episode Director","Akitaya, Noriaki:Episode Director",Amaenaide yo!! Katsu!!,#6008,#3043,"51,441",3,3,0,"['Motonaga, Keitarou', 'Director'], ['Sokuza, Makoto', 'Episode Director'], ['Ishikura, Kenichi', 'Episode Director'], ['Akitaya, Noriaki', 'Episode Director']","Type, 
TV","Episodes, 
  12","Status, 
  Finished Airing","Aired, 
  Jan 4, 2006 to Mar 22, 2006","Producers, 
    None found, add some","Licensors, 
Nozomi Entertainment,       Media Blasters","Studios, 
Studio Deen","Source, 
  Manga","Genres, 
ComedyComedy,         RomanceRomance,         SupernaturalSupernatural,         EcchiEcchi","Theme, 
HaremHarem","Demographic, 
SeinenSeinen","Duration, 
  24 min. per ep.","Rating, 
  R+ - Mild Nudity","Prequel:: /anime/591/Amaenaide_yo, Side story:: /anime/1750/Amaenaide_yo_Katsu__Damasarenaide_yo"
667,Strawberry Panic,I My Me! Strawberry Eggs,Sasameki Koto,Kannazuki no Miko,Yagate Kimi ni Naru,White Album 2,Hourou Musuko,Sakura Trick,Kokoro Connect,Ano Natsu de Matteru,"Satomi, Tetsurou:Producer","Mitsunobu, Seiji:Producer","Nakanishi, Nobuaki:Director","Aketagawa, Jin:Sound Director",Kashimashi: Girl Meets Girl,#6064,#3066,"50,715",21,6,5,"['Satomi, Tetsurou', 'Producer'], ['Mitsunobu, Seiji', 'Producer'], ['Nakanishi, Nobuaki', 'Director'], ['Aketagawa, Jin', 'Sound Director']","Type, 
TV","Episodes, 
  12","Status, 
  Finished Airing","Aired, 
  Jan 12, 2006 to Mar 30, 2006","Producers, 
Bandai Visual,       Lantis","Licensors, 
Media Blasters,       Discotek Media","Studios, 
Studio Hibari","Source, 
  Manga","Genres, 
ComedyComedy,         DramaDrama,         Girls LoveGirls Love","Themes, 
Love PolygonLove Polygon,         Magical Sex ShiftMagical Sex Shift,         SchoolSchool","Duration, 
  24 min. per ep.","Rating, 
  PG-13 - Teens 13 or older","Score, 
6.631 (scored by 2349623,496 users)
      


1
          indicates a weighted score.","Adaptation:: /manga/779/Kashimashi__Girl_Meets_Girl, Sequel:: /anime/1654/Kashimashi__Girl_Meets_Girl_-_Shoujo_wa_Shoujo_ni_Koi_wo_Shita"
576,Maburaho,Seto no Hanayome,Mahoromatic: Automatic Maiden,Kage kara Mamoru!,Azumanga Daiou The Animation,Witch Craft Works,Omamori Himari,Ichiban Ushiro no Daimaou,To LOVE-Ru,Tayutama: Kiss on My Deity,"Yamazaki, Asuka:Producer","Kishi, Seiji:Director","Iida, Satoki:Sound Director","Kinoshita, Yuuki:Episode Director",Magikano,#7866,#3731,"35,048",3,4,3,"['Yamazaki, Asuka', 'Producer'], ['Kishi, Seiji', 'Director'], ['Iida, Satoki', 'Sound Director'], ['Kinoshita, Yuuki', 'Episode Director']","Status, 
  Finished Airing","Aired, 
  Jan 1, 2006 to Apr 1, 2006","Premiered, 
Winter 2006","Broadcast, 
    Unknown","Studios, 
Tokyo Kids","Source, 
  Manga","Genres, 
ComedyComedy,         FantasyFantasy,         RomanceRomance","Theme, 
HaremHarem","Demographic, 
ShounenShounen","Duration, 
  24 min. per ep.","Rating, 
  PG-13 - Teens 13 or older","Score, 
6.311 (scored by 1604916,049 users)
      


1
          indicates a weighted score.","Ranked, 
  #78662

2
    based on the top anime page. Please note that 'Not yet aired' and 'R18+' titles are excluded.",Adaptation:: /manga/1728/Magikano
590,Asu no Yoichi!,Rosario to Vampire,Kamichama Karin,Meitantei Conan OVA 01: Conan vs. Kid vs. Yaiba - Houtou Soudatsu Daikessen!!,Nogizaka Haruka no Himitsu,Himawari!,Himawari!!,Kamen no Maid Guy,Magikano,Lamune,"Kawando, Kenjirou:Producer","Fujimoto, Yoshitaka:Director","Miyoshi, Keiichirou:Sound Director","Tamura, Koutarou:Episode Director",Kage kara Mamoru!,#6312,#4271,"26,490",4,0,0,"['Kawando, Kenjirou', 'Producer'], ['Fujimoto, Yoshitaka', 'Director'], ['Miyoshi, Keiichirou', 'Sound Director'], ['Tamura, Koutarou', 'Episode Director']","Type, 
TV","Episodes, 
  12","Status, 
  Finished Airing","Aired, 
  Jan 8, 2006 to Mar 26, 2006","Producers, 
Aniplex,       Studio Tulip,       Tohokushinsha Film Corporation","Licensors, 
Sentai Filmworks","Studios, 
Group TAC","Source, 
  Light novel","Genres, 
ComedyComedy,         RomanceRomance","Duration, 
  24 min. per ep.","Rating, 
  PG-13 - Teens 13 or older","Score, 
6.581 (scored by 1179311,793 users)
      


1
          indicates a weighted score.","Ranked, 
  #63122

2
    based on the top anime page. Please note that 'Not yet aired' and 'R18+' titles are excluded.",Adaptation:: /manga/4149/Kage_kara_Mamoru
798,Tokyo Magnitude 8.0,Planetes,Flag,Hisone to Maso-tan,Toshokan Sensou,"Gate: Jieitai Kanochi nite, Kaku Tatakaeri",Zipang,Taiyou no Mokushiroku: A Spirit of the Sun,Chikyuu ga Ugoita Hi,Uchuu Kyoudai,"Matsukura, Yuuji:Producer","Sakurabi, Katsushi:Director","Mima, Masafumi:Sound Director","Miyake, Kazuo:Episode Director",Yomigaeru Sora: Rescue Wings,#2383,#5406,"14,822",5,1,0,"['Matsukura, Yuuji', 'Producer'], ['Sakurabi, Katsushi', 'Director'], ['Mima, Masafumi', 'Sound Director'], ['Miyake, Kazuo', 'Episode Director']","Status, 
  Finished Airing","Aired, 
  Jan 9, 2006 to Mar 27, 2006","Premiered, 
Winter 2006","Broadcast, 
    Unknown","Studios, 
J.C.Staff","Source, 
  Original","Genre, 
DramaDrama","Themes, 
Adult CastAdult Cast,         MilitaryMilitary,         WorkplaceWorkplace","Duration, 
  23 min. per ep.","Rating, 
  PG-13 - Teens 13 or older","Score, 
7.361 (scored by 44494,449 users)
      


1
          indicates a weighted score.","Ranked, 
  #23832

2
    based on the top anime page. Please note that 'Not yet aired' and 'R18+' titles are excluded.","Popularity, 
  #5406","Prequel:: /anime/1843/Yomigaeru_Sora__Rescue_Wings_-_Saigo_no_Shigoto, Alternative version:: /anime/24527/Yomigaeru_Sora_Pilot"
1534,Balala Xiao Mo Xian: Caihong Xin Shi,Futari wa Precure,,,,,,,,,"Komura, Toshiaki:Director","Nagamine, Tatsuya:Episode Director","Ootsuka, Ken:Episode Director","Zako, Akifumi:Episode Director",Futari wa Precure: Splash☆Star,#2862,#5542,"13,979",7,1,0,"['Komura, Toshiaki', 'Director'], ['Nagamine, Tatsuya', 'Episode Director'], ['Ootsuka, Ken', 'Episode Director'], ['Zako, Akifumi', 'Episode Director']","Episodes, 
  49","Status, 
  Finished Airing","Aired, 
  Feb 5, 2006 to Jan 28, 2007","Premiered, 
Winter 2006","Licensors, 
    None found, add some","Studios, 
Toei Animation","Source, 
  Original","Genres, 
ActionAction,         ComedyComedy,         FantasyFantasy","Theme, 
Mahou ShoujoMahou Shoujo","Duration, 
  24 min. per ep.","Rating, 
  G - All Ages","Score, 
7.271 (scored by 56435,643 users)
      


1
          indicates a weighted score.","Ranked, 
  #28622

2
    based on the top anime page. Please note that 'Not yet aired' and 'R18+' titles are excluded.","Adaptation:: /manga/25924/Futari_wa_Precure__Splash☆Star, Alternative setting:: /anime/603/Futari_wa_Precure, Side story:: /anime/4124/Futari_wa_Precure__Splash☆Star_Movie_-_Tick_Tack_Kiki_Ippatsu, Spin-off:: /anime/5753/Precure_All_Stars_Movie_DX__Minna_Tomodachi☆Kiseki_no_Zenin_Daishuugou, Sequel:: /anime/54716/Kibou_no_Chikara__Otona_Precure_23"
750,Hakumei to Mikochi,Furusato Saisei: Nippon no Mukashibanashi,Yokohama Kaidashi Kikou,Flanders no Inu,Hidamari Sketch,Tanaka-kun wa Itsumo Kedaruge,Onsen Yousei Hakone-chan,Nougyou Musume!,Sketchbook: Full Color's,Kamichu!,"Matsuda, Keiichi:Producer","Ookawara, Takeshi:Producer","Furuhashi, Kazuhiro:Director","Hiramitsu, Takuya:Sound Director",Binchou-tan,#4371,#5894,"11,957",6,1,1,"['Matsuda, Keiichi', 'Producer'], ['Ookawara, Takeshi', 'Producer'], ['Furuhashi, Kazuhiro', 'Director'], ['Hiramitsu, Takuya', 'Sound Director']","Episodes, 
  12","Status, 
  Finished Airing","Aired, 
  Feb 3, 2006 to Apr 16, 2006","Premiered, 
Winter 2006","Licensors, 
    None found, add some","Studios, 
Studio Deen","Source, 
  Manga","Genre, 
ComedyComedy","Theme, 
IyashikeiIyashikei","Duration, 
  12 min. per ep.","Rating, 
  G - All Ages","Score, 
6.961 (scored by 45334,533 users)
      


1
          indicates a weighted score.","Ranked, 
  #43712

2
    based on the top anime page. Please note that 'Not yet aired' and 'R18+' titles are excluded.","Adaptation:: /manga/5098/Binchou-tan, Other:: /anime/1926/Jishu_Seisaku_Movie_Binchou-tan"
817,Aoki Hagane no Arpeggio: Ars Nova,Tide-Line Blue,Kenran Butou Sai: The Mars Daybreak,,,,,,,,"Aketagawa, Jin:Sound Director","Ishikura, Kenichi:Episode Director","Itou, Kouji:Episode Director","Mizumoto, Hazuki:Episode Director",Tactical Roar,#7337,#6232,"10,402",0,1,0,"['Aketagawa, Jin', 'Sound Director'], ['Ishikura, Kenichi', 'Episode Director'], ['Itou, Kouji', 'Episode Director'], ['Mizumoto, Hazuki', 'Episode Director']","Episodes, 
  13","Status, 
  Finished Airing","Aired, 
  Jan 8, 2006 to Apr 2, 2006","Premiered, 
Winter 2006","Licensors, 
    None found, add some","Studios, 
Actas","Source, 
  Original","Genres, 
ComedyComedy,         RomanceRomance,         Sci-FiSci-Fi","Theme, 
MilitaryMilitary","Duration, 
  25 min. per ep.","Rating, 
  PG-13 - Teens 13 or older","Score, 
6.411 (scored by 37233,723 users)
      


1
          indicates a weighted score.","Ranked, 
  #73372

2
    based on the top anime page. Please note that 'Not yet aired' and 'R18+' titles are excluded.",Side story:: /anime/1790/Tactical_Roar__Mercurius_no_Kyuujitsu
1655,Di Gi Charat,Heppoko Jikken Animation Excel♥Saga,Papuwa,Keroro Gunsou,Sayonara Zetsubou Sensei,Panty & Stocking with Garterbelt,Detroit Metal City,,,,"Watanabe, Shinichi:Director","Ebina, Yasunori:Sound Director","Saito, Noriaki:Episode Director","Matsuura, Johei:Episode Director",Nerima Daikon Brothers,#2912,#6606,"9,086",6,1,1,"['Watanabe, Shinichi', 'Director'], ['Ebina, Yasunori', 'Sound Director'], ['Saito, Noriaki', 'Episode Director'], ['Matsuura, Johei', 'Episode Director']","Type, 
TV","Episodes, 
  12","Status, 
  Finished Airing","Aired, 
  Jan 10, 2006 to Mar 28, 2006","Producers, 
Aniplex","Licensors, 
ADV Films,       Funimation","Studios, 
Studio Hibari","Source, 
  Original","Genre, 
ComedyComedy","Theme, 
MusicMusic","Duration, 
  24 min. per ep.","Rating, 
  R+ - Mild Nudity","Score, 
7.261 (scored by 36363,636 users)
      


1
          indicates a weighted score.",Adaptation:: /manga/12266/Nerima_Daikon_Brothers
577,Princess Tutu,Rozen Maiden,Pandora Hearts,Märchen Mädchen,Sola,,,,,,"Oomiya, Saburou:Producer","Nakanishi, Takashi:Producer","Sakamoto, Kousaku:Producer","Miyazaki, Nagisa:Director",Kagi Hime Monogatari: Eikyuu Alice Rondo,#8878,#6704,"8,728",3,0,1,"['Oomiya, Saburou', 'Producer'], ['Nakanishi, Takashi', 'Producer'], ['Sakamoto, Kousaku', 'Producer'], ['Miyazaki, Nagisa', 'Director']","Type, 
TV","Episodes, 
  13","Status, 
  Finished Airing","Aired, 
  Jan 4, 2006 to Mar 29, 2006","Producers, 
Mellow Head","Licensors, 
Discotek Media","Studios, 
Trinet Entertainment,       Picture Magic","Source, 
  Manga","Genre, 
FantasyFantasy","Theme, 
Mahou ShoujoMahou Shoujo","Duration, 
  24 min. per ep.","Rating, 
  PG-13 - Teens 13 or older","Score, 
6.121 (scored by 26192,619 users)
      


1
          indicates a weighted score.","Adaptation:: /manga/3498/Kagi_Hime_Monogatari__Eikyuu_Alice_Rondo, Other:: /anime/33663/Kagi_Hime_Monogatari__Eikyuu_Alice_Rondo_-_Extra_Song"
671,Lovedol: Lovely Idol,Kirarin☆Revolution,AKB0048,Full Moon wo Sagashite,Love Get Chu,"Wake Up, Girls! Shichinin no Idol",The iDOLM@STER,Love Live! School Idol Project,,,"Chiba, Daisuke:Director","Kikuchi, Kouichi:Sound Director","Ozeki, Masayuki:Episode Director","Hayashi, Naotaka:Script",Lemon Angel Project,#6667,#6752,"8,583",2,2,0,"['Chiba, Daisuke', 'Director'], ['Kikuchi, Kouichi', 'Sound Director'], ['Ozeki, Masayuki', 'Episode Director'], ['Hayashi, Naotaka', 'Script']","Status, 
  Finished Airing","Aired, 
  Jan 6, 2006 to Mar 31, 2006","Premiered, 
Winter 2006","Broadcast, 
    Unknown","Studios, 
Radix","Source, 
  Other","Genre, 
DramaDrama","Themes, 
Idols (Female)Idols (Female),         MusicMusic","Duration, 
  24 min. per ep.","Rating, 
  PG - Children","Score, 
6.521 (scored by 29602,960 users)
      


1
          indicates a weighted score.","Ranked, 
  #66672

2
    based on the top anime page. Please note that 'Not yet aired' and 'R18+' titles are excluded.","Popularity, 
  #6752",
771,,,,,,,,,,,"Itou, Makoto:Producer","Kawatsura, Shinya:Director","Shimizu, Hisatoshi:Episode Director","Oota, Tomoaki:Episode Director",Ginyuu Mokushiroku Meine Liebe Wieder,#6044,#7062,"7,686",1,0,0,"['Itou, Makoto', 'Producer'], ['Kawatsura, Shinya', 'Director'], ['Shimizu, Hisatoshi', 'Episode Director'], ['Oota, Tomoaki', 'Episode Director']","Episodes, 
  13","Status, 
  Finished Airing","Aired, 
  Jan 22, 2006 to Apr 13, 2006","Premiered, 
Winter 2006","Licensors, 
    None found, add some","Studios, 
Bee Train","Source, 
  Visual novel","Genres, 
DramaDrama,         FantasyFantasy","Duration, 
  24 min. per ep.","Rating, 
  PG-13 - Teens 13 or older","Score, 
6.631 (scored by 23532,353 users)
      


1
          indicates a weighted score.","Ranked, 
  #60442

2
    based on the top anime page. Please note that 'Not yet aired' and 'R18+' titles are excluded.","Popularity, 
  #7062","Adaptation:: /manga/3268/Meine_Liebe__Eien_Naru_Traumerei, Prequel:: /anime/336/Ginyuu_Mokushiroku_Meine_Liebe"
5968,,,,,,,,,,,"Komura, Toshiaki:Director","Ueda, Yoshihiro:Episode Director","Koga, Gou:Episode Director","Hiroshima, Hideki:Episode Director",Kinnikuman II Sei: Ultimate Muscle 2,#4297,#7390,"6,870",0,0,0,"['Komura, Toshiaki', 'Director'], ['Ueda, Yoshihiro', 'Episode Director'], ['Koga, Gou', 'Episode Director'], ['Hiroshima, Hideki', 'Episode Director']","Episodes, 
  13","Status, 
  Finished Airing","Aired, 
  Jan 5, 2006 to Mar 30, 2006","Premiered, 
Winter 2006","Licensors, 
Discotek Media","Studios, 
Toei Animation","Source, 
  Manga","Genres, 
ComedyComedy,         Sci-FiSci-Fi,         SportsSports","Theme, 
Combat SportsCombat Sports","Duration, 
  24 min. per ep.","Rating, 
  PG-13 - Teens 13 or older","Score, 
6.981 (scored by 32853,285 users)
      


1
          indicates a weighted score.","Ranked, 
  #42972

2
    based on the top anime page. Please note that 'Not yet aired' and 'R18+' titles are excluded.",Prequel:: /anime/5967/Kinnikuman_II_Sei__Ultimate_Muscle
2285,Spider Riders: Yomigaeru Taiyou,,,,,,,,,,"Kobayashi, Hiroyasu:Director","Kamiya, Jun:Director","Aketagawa, Jin:Sound Director","Oota, Masahiko:Storyboard",D.I.C.E.,#7640,#8424,"4,978",1,0,1,"['Kobayashi, Hiroyasu', 'Director'], ['Kamiya, Jun', 'Director'], ['Aketagawa, Jin', 'Sound Director'], ['Oota, Masahiko', 'Storyboard']","Episodes, 
  40","Status, 
  Finished Airing","Aired, 
  Dec 6, 2005 to Sep 19, 2006","Premiered, 
Winter 2006","Licensors, 
Bandai Entertainment","Studios, 
Xebec","Source, 
  Original","Genres, 
ActionAction,         AdventureAdventure,         Sci-FiSci-Fi","Theme, 
MechaMecha","Demographic, 
KidsKids","Duration, 
  25 min. per ep.","Rating, 
  PG - Children","Score, 
6.351 (scored by 24052,405 users)
      


1
          indicates a weighted score.",
3112,Zettai Junpaku♡Mahou Shoujo,Cardcaptor Sakura,,,,,,,,,"Matsumura, Yasuhiro:Director","Takahashi, Hideo:Sound Director","Sugawara, Miho:Sound Director","Satou, Kazuharu:Script",Papillon Rose,#13013,#8677,"4,581",1,0,2,"['Matsumura, Yasuhiro', 'Director'], ['Takahashi, Hideo', 'Sound Director'], ['Sugawara, Miho', 'Sound Director'], ['Satou, Kazuharu', 'Script']","Type, 
TV","Episodes, 
  6","Status, 
  Finished Airing","Aired, 
  Feb 9, 2006 to Mar 17, 2006","Producers, 
    None found, add some","Licensors, 
Maiden Japan","Studios, 
Studio Kelmadick","Source, 
  Other","Genres, 
ComedyComedy,         EcchiEcchi","Themes, 
Mahou ShoujoMahou Shoujo,         ParodyParody","Duration, 
  24 min. per ep.","Rating, 
  R+ - Mild Nudity","Score, 
4.491 (scored by 12511,251 users)
      


1
          indicates a weighted score.",Prequel:: /anime/1995/Lingerie_Senshi_Papillon_Rose
4823,,,,,,,,,,,"Harada, Hiroshi:Director","Fujiyama, Fusanobu:Sound Director","Hiroshima, Hideki:Episode Director","Nasukawa, Mitsuru:Episode Director",Youkai Ningen Bem (2006),#10015,#9314,"3,664",0,1,0,"['Harada, Hiroshi', 'Director'], ['Fujiyama, Fusanobu', 'Sound Director'], ['Hiroshima, Hideki', 'Episode Director'], ['Nasukawa, Mitsuru', 'Episode Director']","Type, 
TV","Episodes, 
  26","Status, 
  Finished Airing","Aired, 
  Jan 4, 2006 to Jul 10, 2006","Producers, 
Sony Pictures Entertainment,       Avex Entertainment,       Nihon Ad Systems","Licensors, 
    None found, add some","Studios, 
Studio Comet","Source, 
  Original","Genres, 
HorrorHorror,         SupernaturalSupernatural","Theme, 
MythologyMythology","Duration, 
  25 min. per ep.","Rating, 
  PG-13 - Teens 13 or older","Score, 
5.881 (scored by 11081,108 users)
      


1
          indicates a weighted score.","Alternative version:: /anime/4044/Youkai_Ningen_Bem, Other:: /anime/39221/Bem"
2244,Tokyo Mew Mew,Koi Koi 7,T.P. Sakura: Time Paladin Sakura,Joshiraku,,,,,,,"Hidaka, Isao:Producer","Takamoto, Yoshihiro:Director","Takakuwa, Hajime:Sound Director","Tsuchiya, Hiroyuki:Episode Director",Rakugo Tennyo Oyui,#10299,#10557,"2,438",0,0,0,"['Hidaka, Isao', 'Producer'], ['Takamoto, Yoshihiro', 'Director'], ['Takakuwa, Hajime', 'Sound Director'], ['Tsuchiya, Hiroyuki', 'Episode Director']","Episodes, 
  12","Status, 
  Finished Airing","Aired, 
  Jan 5, 2006 to Mar 23, 2006","Premiered, 
Winter 2006","Licensors, 
    None found, add some","Studios, 
TNK","Source, 
  Unknown","Genre, 
ComedyComedy","Themes, 
HistoricalHistorical,         Performing ArtsPerforming Arts","Duration, 
  24 min. per ep.","Rating, 
  PG-13 - Teens 13 or older","Score, 
5.811 (scored by 447447 users)
      


1
          indicates a weighted score.","Ranked, 
  #102992

2
    based on the top anime page. Please note that 'Not yet aired' and 'R18+' titles are excluded.",
4563,B-Legend! Battle B-Daman Fire Spirits!,Metal Fight Beyblade,,,,,,,,,"Okumura, Yoshiaki:Director","Takahashi, Hideo:Sound Director","Kawaguchi, Keiichirou:Storyboard",Lia:Theme Song Performance,Bakukyuu Hit! Crash B-Daman,#8933,#10854,"2,226",0,1,0,"['Okumura, Yoshiaki', 'Director'], ['Takahashi, Hideo', 'Sound Director'], ['Kawaguchi, Keiichirou', 'Storyboard'], ['Lia', 'Theme Song Performance']","Episodes, 
  50","Status, 
  Finished Airing","Aired, 
  Jan 9, 2006 to Dec 25, 2006","Premiered, 
Winter 2006","Licensors, 
    None found, add some","Studios, 
    None found, add some","Source, 
  Unknown","Genre, 
AdventureAdventure","Theme, 
Strategy GameStrategy Game","Demographic, 
KidsKids","Duration, 
  23 min. per ep.","Rating, 
  PG - Children","Score, 
6.111 (scored by 788788 users)
      


1
          indicates a weighted score.","Adaptation:: /manga/18644/Bakkyuu_HIT_Crash_B-daman, Alternative setting:: /anime/11177/Cross_Fight_B-Daman, Other:: /anime/11177/Cross_Fight_B-Daman"
2232,Popee the Performer,gdgd Fairies,Mechano: Scientific Attack Force,Inazma Delivery,Holo no Graffiti,Girigiri Warukunai Watame,,,,,"Masuda, Ryuuji:Director","Kurahashi, Shizuo:Sound Effects",,,Funny Pets,#12573,#12208,"1,402",1,1,1,"['Masuda, Ryuuji', 'Director'], ['Kurahashi, Shizuo', 'Sound Effects']","Status, 
  Finished Airing","Aired, 
  Jan 11, 2006 to Mar 29, 2006","Premiered, 
Winter 2006","Broadcast, 
    Wednesdays at 01, 30 (JST)","Studios, 
    None found, add some","Source, 
  Original","Genre, 
ComedyComedy","Duration, 
  6 min. per ep.","Rating, 
  PG-13 - Teens 13 or older","Score, 
5.001 (scored by 573573 users)
      


1
          indicates a weighted score.","Ranked, 
  #125732

2
    based on the top anime page. Please note that 'Not yet aired' and 'R18+' titles are excluded.","Popularity, 
  #12208","Members, 
    1,402",Sequel:: /anime/22345/Funny_Pets_2nd_Season
4101,Massugu ni Ikou.,Chi's Sweet Home,Chocotan!,Fortune Dogs,,,,,,,"Kachi, Hideyuki:Producer","Iwanami, Yoshikazu:Sound Director","Satou, Mitsutoshi:Episode Director","Ikeda, Shigetaka:Episode Director",Wanwan Celepoo Soreyuke! Tetsunoshin,#5665,#12759,"1,178",0,0,0,"['Kachi, Hideyuki', 'Producer'], ['Iwanami, Yoshikazu', 'Sound Director'], ['Satou, Mitsutoshi', 'Episode Director'], ['Ikeda, Shigetaka', 'Episode Director']","Episodes, 
  51","Status, 
  Finished Airing","Aired, 
  Jan 7, 2006 to Dec 30, 2006","Premiered, 
Winter 2006","Licensors, 
    None found, add some","Studios, 
Studio Comet","Source, 
  Original","Genres, 
ComedyComedy,         FantasyFantasy","Theme, 
PetsPets","Demographic, 
KidsKids","Duration, 
  23 min. per ep.","Rating, 
  G - All Ages","Score, 
6.701 (scored by 212212 users)
      


1
          indicates a weighted score.",
3769,,,,,,,,,,,"Dezaki, Tetsu:Director","Shibuichi, Setsuko:Director","Noshitani, Mitsutaka:Episode Director","Ueda, Kouji:Episode Director",Play Ball 2nd,#8736,#14776,660,0,0,0,"['Dezaki, Tetsu', 'Director'], ['Shibuichi, Setsuko', 'Director'], ['Noshitani, Mitsutaka', 'Episode Director'], ['Ueda, Kouji', 'Episode Director']","Type, 
TV","Episodes, 
  13","Status, 
  Finished Airing","Aired, 
  Jan 10, 2006 to Mar 28, 2006","Producers, 
    None found, add some","Licensors, 
    None found, add some","Studios, 
Eiken","Source, 
  Unknown","Genre, 
SportsSports","Theme, 
Team SportsTeam Sports","Demographic, 
ShounenShounen","Duration, 
  24 min. per ep.","Rating, 
  G - All Ages",Prequel:: /anime/3768/Play_Ball
27451,,,,,,,,,,,"Boucher, Hugues:ADR Director",,,,Porong Porong Pororo 2,#10595,#15378,568,0,1,0,"['Boucher, Hugues', 'ADR Director']","Type, 
TV","Episodes, 
  52","Status, 
  Finished Airing","Aired, 
  Dec 3, 2005 to May 28, 2006","Producers, 
    None found, add some","Licensors, 
    None found, add some","Studios, 
    None found, add some","Source, 
  Original","Demographic, 
KidsKids","Duration, 
  5 min. per ep.","Rating, 
  G - All Ages","Score, 
5.741 (scored by 226226 users)
      


1
          indicates a weighted score.","Ranked, 
  #105952

2
    based on the top anime page. Please note that 'Not yet aired' and 'R18+' titles are excluded.","Prequel:: /anime/6523/Porong_Porong_Pororo, Alternative version:: /anime/27453/Pororo-wa_Noraehaeyo, Sequel:: /anime/27455/Porong_Porong_Pororo_3, Other:: /anime/27465/Pororo_Hanguk-e_Wass-eoyo, Spin-off:: /anime/27467/Yoligongju_Loopy"
33670,,,,,,,,,,,,,,,Xingji Biaoche Wang,#14692,#16736,425,0,0,0,,"Episodes, 
  52","Status, 
  Finished Airing","Aired, 
  Feb 1, 2006 to Jun 2006","Premiered, 
Winter 2006","Licensors, 
    None found, add some","Studios, 
    None found, add some","Source, 
  Original","Genres, 
ActionAction,         AdventureAdventure","Theme, 
RacingRacing","Duration, 
  22 min. per ep.","Rating, 
  G - All Ages","Score, 
N/A1 (scored by - users)
      
1
          indicates a weighted score.","Ranked, 
  #146922

2
    based on the top anime page. Please note that 'Not yet aired' and 'R18+' titles are excluded.",
34358,,,,,,,,,,,,,,,Ocha-ken: Hotto Monogatari,#16857,#16968,407,0,0,0,,"Status, 
  Finished Airing","Aired, 
  Jan 16, 2006 to Apr 10, 2006","Premiered, 
Winter 2006","Broadcast, 
    Unknown","Studios, 
    None found, add some","Source, 
  Other","Genre, 
Slice of LifeSlice of Life","Demographic, 
KidsKids","Duration, 
  3 min. per ep.","Rating, 
  G - All Ages","Score, 
N/A1 (scored by - users)
      
1
          indicates a weighted score.","Ranked, 
  #168572

2
    based on the top anime page. Please note that 'Not yet aired' and 'R18+' titles are excluded.","Popularity, 
  #16968","Prequel:: /anime/2233/Ocha-ken__Chokotto_Monogatari, Sequel:: /anime/34363/Ocha-ken__Ryokutto_Monogatari"
19325,,,,,,,,,,,,,,,Kwaegeol Longman Narongi,#15797,#18473,297,0,0,0,,"Episodes, 
  52","Status, 
  Finished Airing","Aired, 
  Jan 2006 to Mar 2007","Premiered, 
Winter 2006","Licensors, 
    None found, add some","Studios, 
    None found, add some","Source, 
  Original","Genre, 
AdventureAdventure","Demographic, 
KidsKids","Duration, 
  15 min. per ep.","Rating, 
  G - All Ages","Score, 
N/A1 (scored by - users)
      
1
          indicates a weighted score.","Ranked, 
  #157972

2
    based on the top anime page. Please note that 'Not yet aired' and 'R18+' titles are excluded.","Prequel:: /anime/19311/Turuturutu_Narongi, Sequel:: /anime/19457/Green_Saver"
44167,,,,,,,,,,,,,,,Meng Li Ren,#16246,#18740,280,0,0,0,,"Episodes, 
  26","Status, 
  Finished Airing","Aired, 
  Dec 12, 2005 to Jan 6, 2006","Premiered, 
Winter 2006","Licensors, 
    None found, add some","Studios, 
    None found, add some","Source, 
  Unknown","Genre, 
DramaDrama","Duration, 
  22 min. per ep.","Rating, 
  G - All Ages","Score, 
N/A1 (scored by - users)
      
1
          indicates a weighted score.","Ranked, 
  #162462

2
    based on the top anime page. Please note that 'Not yet aired' and 'R18+' titles are excluded.","Popularity, 
  #18740",
52369,,,,,,,,,,,,,,,Lao Fu Zi: Mojie Meng Zhanji,#15844,#22143,107,0,0,0,,"Type, 
TV","Episodes, 
  13","Status, 
  Finished Airing","Aired, 
  Jan 3, 2006 to Jan 18, 2006","Producers, 
    None found, add some","Licensors, 
    None found, add some","Studios, 
Puzzle Animation Studio Limited","Source, 
  4-koma manga","Genres, 
AdventureAdventure,         ComedyComedy","Duration, 
  22 min. per ep.","Rating, 
  G - All Ages","Score, 
N/A1 (scored by - users)
      
1
          indicates a weighted score.","Ranked, 
  #158442

2
    based on the top anime page. Please note that 'Not yet aired' and 'R18+' titles are excluded.","Adaptation:: /manga/48175/Old_Master_Q, Alternative version:: /anime/30095/Qi_Cai_Lao_Fu_Zi, Sequel:: /anime/52370/Lao_Fu_Zi__Mojie_Meng_Zhanji_II"
53910,,,,,,,,,,,,,,,Minami no Shima no Chiisana Hikouki Birdy,#16359,#23571,80,0,0,0,,"Status, 
  Finished Airing","Aired, 
  Dec 26, 2005 to Apr 2, 2007","Premiered, 
Winter 2006","Broadcast, 
    Saturdays at 17, 50 (JST)","Studios, 
Studio Deen","Source, 
  Original","Genre, 
AdventureAdventure","Theme, 
AnthropomorphicAnthropomorphic","Demographic, 
KidsKids","Duration, 
  10 min. per ep.","Rating, 
  PG - Children","Score, 
N/A1 (scored by - users)
      
1
          indicates a weighted score.","Ranked, 
  #163592

2
    based on the top anime page. Please note that 'Not yet aired' and 'R18+' titles are excluded.",
54868,,,,,,,,,,,,,,,Kin-Q Kids☆Otasu K-tai,#15537,#24824,63,0,0,0,,"Episodes, 
  12","Status, 
  Finished Airing","Aired, 
  Feb 1, 2006 to Apr 19, 2006","Premiered, 
Winter 2006","Licensors, 
    None found, add some","Studios, 
    None found, add some","Source, 
  Original","Theme, 
EducationalEducational","Demographic, 
KidsKids","Duration, 
  12 min. per ep.","Rating, 
  PG - Children","Score, 
N/A1 (scored by - users)
      
1
          indicates a weighted score.","Ranked, 
  #155372

2
    based on the top anime page. Please note that 'Not yet aired' and 'R18+' titles are excluded.",
33281,Onara Gorou,Ping Pong the Animation,Utsu Musume Sayuri,,,,,,,,"Taniguchi, Takashi:Director",,,,Mori no Andou,#9765,#9877,"3,043",3,1,1,"['Taniguchi, Takashi', 'Director']","Episodes, 
  1","Status, 
  Finished Airing","Aired, 
  Jan 2006","Producers, 
    None found, add some","Source, 
  Original","Genre, 
ComedyComedy","Duration, 
  5 min.","Rating, 
  PG - Children","Score, 
5.931 (scored by 18631,863 users)
      


1
          indicates a weighted score.","Ranked, 
  #97652

2
    based on the top anime page. Please note that 'Not yet aired' and 'R18+' titles are excluded.","Popularity, 
  #9877","Members, 
    3,043","Favorites, 
  36",
777,Drifters,Black Lagoon,Kuroshitsuji,Elfen Lied,Kenpuu Denki Berserk,Devil May Cry,Devilman: Crybaby,Gungrave,Afro Samurai,Highschool of the Dead,"Tonokatsu, Hideki:Co-Director","Cook, Justin:Producer","Ueda, Yasuyuki:Producer","Suzuki, Kenichi:Director",Hellsing Ultimate,#211,#173,"926,320",158,33,27,"['Tonokatsu, Hideki', 'Co-Director'], ['Cook, Justin', 'Producer'], ['Ueda, Yasuyuki', 'Producer'], ['Suzuki, Kenichi', 'Director']","Episodes, 
  10","Status, 
  Finished Airing","Aired, 
  Feb 10, 2006 to Dec 26, 2012","Producers, 
Geneon Universal Entertainment,       GDH,       Geneon Entertainment USA,       Shounen Gahousha","Source, 
  Manga","Genres, 
ActionAction,         HorrorHorror,         SupernaturalSupernatural","Themes, 
Adult CastAdult Cast,         GoreGore,         MilitaryMilitary,         VampireVampire","Demographic, 
SeinenSeinen","Duration, 
  49 min. per ep.","Rating, 
  R - 17+ (violence & profanity)","Score, 
8.351 (scored by 481425481,425 users)
      


1
          indicates a weighted score.","Ranked, 
  #2112

2
    based on the top anime page. Please note that 'Not yet aired' and 'R18+' titles are excluded.","Popularity, 
  #173","Adaptation:: /manga/267/Hellsing, Alternative version:: /anime/270/Hellsing, Summary:: /anime/6904/Hellsing__Digest_for_Freaks, Prequel:: /anime/11077/Hellsing__The_Dawn"
908,Maria-sama ga Miteru 3rd Specials,Toaru Majutsu no Index-tan Movie: Endymion no Kiseki - Ga Attari Nakattari,,,,,,,,,"Cook, Justin:Producer","Mizushima, Seiji:Director","Andou, Masahiro:Storyboard","Tomisawa, Nobuo:Storyboard",Fullmetal Alchemist: Premium Collection,#2697,#2554,"70,788",6,1,0,"['Cook, Justin', 'Producer'], ['Mizushima, Seiji', 'Director'], ['Andou, Masahiro', 'Storyboard'], ['Tomisawa, Nobuo', 'Storyboard']","Type, 
OVA","Episodes, 
  3","Status, 
  Finished Airing","Aired, 
  Mar 29, 2006","Studios, 
Bones","Source, 
  Manga","Genres, 
ComedyComedy,         FantasyFantasy","Demographic, 
ShounenShounen","Duration, 
  7 min. per ep.","Rating, 
  PG-13 - Teens 13 or older","Score, 
7.301 (scored by 3463534,635 users)
      


1
          indicates a weighted score.","Ranked, 
  #26972

2
    based on the top anime page. Please note that 'Not yet aired' and 'R18+' titles are excluded.","Popularity, 
  #2554",Parent story:: /anime/121/Fullmetal_Alchemist
995,Baby Steps,,,,,,,,,,"Takahashi, Tomoko:Producer","Tada, Shunsuke:Director","Hiramitsu, Takuya:Sound Director","Yamamoto, Hideyo:Episode Director",Tennis no Oujisama: Zenkoku Taikai-hen,#816,#3209,"46,285",1,1,1,"['Takahashi, Tomoko', 'Producer'], ['Tada, Shunsuke', 'Director'], ['Hiramitsu, Takuya', 'Sound Director'], ['Yamamoto, Hideyo', 'Episode Director']","Type, 
OVA","Episodes, 
  13","Status, 
  Finished Airing","Aired, 
  Mar 24, 2006 to Mar 23, 2007","Studios, 
M.S.C","Source, 
  Manga","Genre, 
SportsSports","Demographic, 
ShounenShounen","Duration, 
  23 min. per ep.","Rating, 
  PG-13 - Teens 13 or older","Score, 
7.881 (scored by 2536325,363 users)
      


1
          indicates a weighted score.","Ranked, 
  #8162

2
    based on the top anime page. Please note that 'Not yet aired' and 'R18+' titles are excluded.","Popularity, 
  #3209","Adaptation:: /manga/49/Tennis_no_Oujisama, Prequel:: /anime/22/Tennis_no_Oujisama, Sequel:: /anime/2752/Tennis_no_Oujisama__Zenkoku_Taikai-hen_-_Semifinal"
6904,,,,,,,,,,,"Tonokatsu, Hideki:Director","Hirano, Kouta:Original Creator",,,Hellsing: Digest for Freaks,#1476,#3290,"44,350",1,0,0,"['Tonokatsu, Hideki', 'Director'], ['Hirano, Kouta', 'Original Creator']","Episodes, 
  1","Status, 
  Finished Airing","Aired, 
  Jan 22, 2006","Producers, 
    None found, add some","Source, 
  Manga","Genres, 
ActionAction,         HorrorHorror,         SupernaturalSupernatural","Themes, 
Adult CastAdult Cast,         GoreGore,         MilitaryMilitary,         Super PowerSuper Power,         VampireVampire","Demographic, 
SeinenSeinen","Duration, 
  28 min.","Rating, 
  R - 17+ (violence & profanity)","Score, 
7.601 (scored by 1534715,347 users)
      


1
          indicates a weighted score.","Ranked, 
  #14762

2
    based on the top anime page. Please note that 'Not yet aired' and 'R18+' titles are excluded.","Popularity, 
  #3290",Full story:: /anime/777/Hellsing_Ultimate
933,Bokusatsu Tenshi Dokuro-chan,Heppoko Jikken Animation Excel♥Saga,Binbougami ga!,Puni Puni☆Poemii,Maria†Holic,Mahou Shoujo Ore,Hayate no Gotoku!,Jungle wa Itsumo Hare nochi Guu,Amagi Brilliant Park,Gintama,"Kawase, Kouhei:Producer","Satomi, Tetsurou:Producer","Ibira, Takaya:Producer","Mizushima, Tsutomu:Director",Dai Mahou Touge,#4564,#3815,"33,333",11,2,0,"['Kawase, Kouhei', 'Producer'], ['Satomi, Tetsurou', 'Producer'], ['Ibira, Takaya', 'Producer'], ['Mizushima, Tsutomu', 'Director']","Type, 
OVA","Episodes, 
  4","Status, 
  Finished Airing","Aired, 
  Mar 20, 2006 to Mar 21, 2007","Studios, 
Diomedéa","Source, 
  Manga","Genres, 
ComedyComedy,         FantasyFantasy","Themes, 
Gag HumorGag Humor,         Mahou ShoujoMahou Shoujo,         SchoolSchool","Demographic, 
ShounenShounen","Duration, 
  24 min. per ep.","Rating, 
  R - 17+ (violence & profanity)","Score, 
6.921 (scored by 1277212,772 users)
      


1
          indicates a weighted score.","Ranked, 
  #45642

2
    based on the top anime page. Please note that 'Not yet aired' and 'R18+' titles are excluded.","Adaptation:: /manga/9987/Dai_Mahou_Touge, Side story:: /anime/1841/Dai_Mahou_Touge_Omake"
837,Minami-ke,Azumanga Daiou The Animation,Seitokai Yakuindomo,Koharu Biyori,Moetan,Yawaraka Sangokushi Tsukisase!! Ryofuko-chan,Karakai Jouzu no Takagi-san,Seto no Hanayome,Mujaki no Rakuen,,"Noto, Takashi:Producer","Yamatani, Nakuru:Producer","Suzuki, Atsushi:Producer","Takahata, Yuuichirou:Producer",Kyou no 5 no 2,#3249,#3988,"30,677",2,4,1,"['Noto, Takashi', 'Producer'], ['Yamatani, Nakuru', 'Producer'], ['Suzuki, Atsushi', 'Producer'], ['Takahata, Yuuichirou', 'Producer']","Type, 
OVA","Episodes, 
  4","Status, 
  Finished Airing","Aired, 
  Mar 24, 2006 to Mar 21, 2007","Studios, 
Shinkuukan,       Lilix","Source, 
  Manga","Genres, 
ComedyComedy,         EcchiEcchi","Theme, 
SchoolSchool","Demographic, 
SeinenSeinen","Duration, 
  29 min. per ep.","Rating, 
  PG-13 - Teens 13 or older","Score, 
7.191 (scored by 1435714,357 users)
      


1
          indicates a weighted score.","Ranked, 
  #32492

2
    based on the top anime page. Please note that 'Not yet aired' and 'R18+' titles are excluded.","Adaptation:: /manga/1722/Kyou_no_5_no_2, Side story:: /anime/4078/Kyou_no_5_no_2_Kagai_Jugyou__Mizukake, Alternative version:: /anime/4903/Kyou_no_5_no_2_TV"
2448,,,,,,,,,,,"Kamiyama, Kenji:Director","Wakabayashi, Kazuhiro:Sound Director","Fuseki, Kazunobu:Episode Director","Yoshihara, Masayuki:Episode Director",Koukaku Kidoutai: Stand Alone Complex 2nd GIG - Individual Eleven,#634,#4042,"29,703",2,0,0,"['Kamiyama, Kenji', 'Director'], ['Wakabayashi, Kazuhiro', 'Sound Director'], ['Fuseki, Kazunobu', 'Episode Director'], ['Yoshihara, Masayuki', 'Episode Director']","Type, 
OVA","Episodes, 
  1","Status, 
  Finished Airing","Aired, 
  Jan 27, 2006","Studios, 
Production I.G","Source, 
  Manga","Genres, 
ActionAction,         Sci-FiSci-Fi","Themes, 
Adult CastAdult Cast,         MechaMecha","Duration, 
  2 hr. 41 min.","Rating, 
  R - 17+ (violence & profanity)","Score, 
7.991 (scored by 1115211,152 users)
      


1
          indicates a weighted score.","Ranked, 
  #6342

2
    based on the top anime page. Please note that 'Not yet aired' and 'R18+' titles are excluded.","Popularity, 
  #4042","Full story:: /anime/801/Koukaku_Kidoutai__Stand_Alone_Complex_2nd_GIG, Prequel:: /anime/2449/Koukaku_Kidoutai__Stand_Alone_Complex_-_The_Laughing_Man, Side story:: /anime/10948/Koukaku_Kidoutai__Stand_Alone_Complex_2nd_GIG_-_Individual_Eleven_-_Tachikoma_na_Hibi"
3559,Stretta The Animation,Kateikyoushi no Oneesan 2 The Animation: H no Hensachi Agechaimasu,Kojin Jugyou The Animation: Schoolgirl Ready for a Private Lesson,Princess Lover! OVA,HHH Triple Ecchi,,,,,,"Araki, Hideki:Director","Iizuka, Kouichi:Sound Director","Sawayama, Shinichiro:Script","Seto, Yuuki:Original Creator",Stringendo: Angel-tachi no Private Lesson,N/A,#5172,"16,754",6,0,0,"['Araki, Hideki', 'Director'], ['Iizuka, Kouichi', 'Sound Director'], ['Sawayama, Shinichiro', 'Script'], ['Seto, Yuuki', 'Original Creator']","Episodes, 
  12","Status, 
  Finished Airing","Aired, 
  Jan 27, 2006 to Apr 27, 2012","Producers, 
Pink Pineapple","Source, 
  Manga","Genre, 
HentaiHentai","Duration, 
  27 min. per ep.","Rating, 
  Rx - Hentai","Score, 
7.351 (scored by 62326,232 users)
      


1
          indicates a weighted score.","Ranked, 
  N/A2

2
    based on the top anime page. Please note that 'Not yet aired' and 'R18+' titles are excluded.","Popularity, 
  #5172","Members, 
    16,754","Favorites, 
  151","Adaptation:: /manga/11762/Stringendo, Sequel:: /anime/4502/Stringendo_Accelerando_Ultimatum_Sera, Character:: /anime/6194/Stretta_The_Animation"
1368,,,,,,,,,,,"Sakai, Izumi:Theme Song Lyrics","Aoyama, Gosho:Original Creator","Kawahara, Kumiko:Key Animation","Izumi, Hiro:Background Art",Meitantei Conan OVA 06: Kieta Daiya wo Oe! Conan & Heiji VS Kid!,#2393,#5233,"16,157",0,0,2,"['Sakai, Izumi', 'Theme Song Lyrics'], ['Aoyama, Gosho', 'Original Creator'], ['Kawahara, Kumiko', 'Key Animation'], ['Izumi, Hiro', 'Background Art']","Episodes, 
  1","Status, 
  Finished Airing","Aired, 
  Mar 15, 2006","Producers, 
    None found, add some","Source, 
  Manga","Genres, 
ComedyComedy,         MysteryMystery","Theme, 
DetectiveDetective","Demographic, 
ShounenShounen","Duration, 
  23 min.","Rating, 
  PG-13 - Teens 13 or older","Score, 
7.361 (scored by 79757,975 users)
      


1
          indicates a weighted score.","Ranked, 
  #23932

2
    based on the top anime page. Please note that 'Not yet aired' and 'R18+' titles are excluded.","Popularity, 
  #5233",Parent story:: /anime/235/Meitantei_Conan
3537,Starless: 21st Century Nymphomaniacs,Akibakei Kanojo,Bible Black,Sleepless: A Midsummer Night's Dream - The Animation,,,,,,,"Yoshida, Tomohiro:Sound Director",Sei Shoujo:Original Character Design,"Kano, Akira:Character Design","Gotou, Masahiro:Editing",Cleavage,N/A,#5403,"14,843",7,1,1,"['Yoshida, Tomohiro', 'Sound Director'], ['Sei Shoujo', 'Original Character Design'], ['Kano, Akira', 'Character Design'], ['Gotou, Masahiro', 'Editing']","Episodes, 
  2","Status, 
  Finished Airing","Aired, 
  Feb 24, 2006 to Jun 23, 2006","Producers, 
D3,       White Bear,       Mediabank","Source, 
  Visual novel","Genre, 
HentaiHentai","Duration, 
  27 min. per ep.","Rating, 
  Rx - Hentai","Score, 
6.641 (scored by 65276,527 users)
      


1
          indicates a weighted score.","Ranked, 
  N/A2

2
    based on the top anime page. Please note that 'Not yet aired' and 'R18+' titles are excluded.","Popularity, 
  #5403","Members, 
    14,843","Favorites, 
  87",Adaptation:: /manga/66715/Cleavage__Koibito_wa_Oneesan
1202,.hack//Roots,Tales of Symphonia The Animation: Sylvarant-hen,Jinrui wa Suitai Shimashita,AKB0048,Shining Hearts: Shiawase no Pan,Munto,Shinkyoku Soukai Polyphonica,,,,"Andou, Ken:Director","Shimotsuki, Haruka:Theme Song Performance","Iida, Hiroyoshi:Key Animation","Tokiwa, Kentarou:Key Animation",Ar Tonelico: Sekai no Owari de Utai Tsuzukeru Shoujo,#8931,#5639,"13,449",1,1,2,"['Andou, Ken', 'Director'], ['Shimotsuki, Haruka', 'Theme Song Performance'], ['Iida, Hiroyoshi', 'Key Animation'], ['Tokiwa, Kentarou', 'Key Animation']","Episodes, 
  1","Status, 
  Finished Airing","Aired, 
  Mar 22, 2006","Producers, 
Banpresto","Source, 
  Game","Genres, 
ActionAction,         AdventureAdventure,         FantasyFantasy,         Sci-FiSci-Fi","Duration, 
  24 min.","Rating, 
  PG-13 - Teens 13 or older","Score, 
6.111 (scored by 67226,722 users)
      


1
          indicates a weighted score.","Ranked, 
  #89312

2
    based on the top anime page. Please note that 'Not yet aired' and 'R18+' titles are excluded.","Popularity, 
  #5639","Members, 
    13,449","Favorites, 
  13",
3888,Kisaku Spirit,Chikan Monogatari,Jinkou Shoujo: Henshin Sex Android,Please ♥♥♥♥ Me!,Soukan Yuugi,,,,,,"Mimura, Sougetsu:Director",Yoshi.Hoka:Music,,,Toumei Ningen (OVA),N/A,#6418,"9,714",3,1,0,"['Mimura, Sougetsu', 'Director'], ['Yoshi.Hoka', 'Music']","Type, 
OVA","Episodes, 
  2","Status, 
  Finished Airing","Aired, 
  Feb 10, 2006 to May 12, 2006","Studios, 
Y.O.U.C","Source, 
  Original","Genre, 
HentaiHentai","Duration, 
  27 min. per ep.","Rating, 
  Rx - Hentai","Score, 
6.551 (scored by 43474,347 users)
      


1
          indicates a weighted score.","Ranked, 
  N/A2

2
    based on the top anime page. Please note that 'Not yet aired' and 'R18+' titles are excluded.","Popularity, 
  #6418","Members, 
    9,714",Sequel:: /anime/8289/Toumei_Ningen_R
3478,Aneki... My Sweet Elder Sister The Animation,Aniyome wa Ijippari,Enbo,,,,,,,,"Murakami, Kotaro:Producer","Raika, Ken:Director","Nakagawa, Tatsuto:Sound Director","Kitagawa, Masato:Episode Director",Mrs. Junkie,N/A,#6638,"8,934",2,0,0,"['Murakami, Kotaro', 'Producer'], ['Raika, Ken', 'Director'], ['Nakagawa, Tatsuto', 'Sound Director'], ['Kitagawa, Masato', 'Episode Director']","Episodes, 
  2","Status, 
  Finished Airing","Aired, 
  Feb 25, 2006 to Jan 25, 2007","Producers, 
Milky Animation Label,       MS Pictures","Source, 
  Visual novel","Genre, 
HentaiHentai","Duration, 
  29 min. per ep.","Rating, 
  Rx - Hentai","Score, 
6.701 (scored by 33793,379 users)
      


1
          indicates a weighted score.","Ranked, 
  N/A2

2
    based on the top anime page. Please note that 'Not yet aired' and 'R18+' titles are excluded.","Popularity, 
  #6638","Members, 
    8,934","Favorites, 
  35","Adaptation:: /manga/77399/Mrs_Junkie, Alternative setting:: /anime/2396/Milk_Junkie__Shimai-hen"
4004,Ikusa Otome Valkyrie,Inyouchuu The Animation,JK to Orc Heidan: Aku Buta Oni ni Ryougyaku Sareta Seijo Gakuen,Manin Densha,Tokubetsu Byoutou,,,,,,"Momoi, Sakura:Producer","Tokita, Banzou:Director","Takahashi, Kaoru:Script","Mori, Kokan:Planning",Inda no Himekishi Janne,N/A,#7113,"7,547",1,0,0,"['Momoi, Sakura', 'Producer'], ['Tokita, Banzou', 'Director'], ['Takahashi, Kaoru', 'Script'], ['Mori, Kokan', 'Planning']","Episodes, 
  2","Status, 
  Finished Airing","Aired, 
  Jan 26, 2006 to Apr 27, 2007","Producers, 
    None found, add some","Source, 
  Visual novel","Genres, 
FantasyFantasy,         HorrorHorror,         HentaiHentai","Duration, 
  29 min. per ep.","Rating, 
  Rx - Hentai","Score, 
6.281 (scored by 25532,553 users)
      


1
          indicates a weighted score.","Ranked, 
  N/A2

2
    based on the top anime page. Please note that 'Not yet aired' and 'R18+' titles are excluded.","Popularity, 
  #7113","Members, 
    7,547","Favorites, 
  21",Adaptation:: /manga/62747/Inda_no_Himekishi_Janne
4365,True Blue,Manin Densha,Ore wa Kanojo wo Shinjiteru!,,,,,,,,"Tokita, Banzou:Director","Takahashi, Kaoru:Script","Nishi, Shigenari:Editing","Hattori, Kenji:Animation Director","Hitou Meguri The Animation: Wakaokami, Rachiru",N/A,#7701,"6,201",1,0,0,"['Tokita, Banzou', 'Director'], ['Takahashi, Kaoru', 'Script'], ['Nishi, Shigenari', 'Editing'], ['Hattori, Kenji', 'Animation Director']","Status, 
  Finished Airing","Aired, 
  Mar 24, 2006","Producers, 
Armor","Licensors, 
    None found, add some","Genre, 
HentaiHentai","Duration, 
  27 min.","Rating, 
  Rx - Hentai","Score, 
6.061 (scored by 22132,213 users)
      


1
          indicates a weighted score.","Ranked, 
  N/A2

2
    based on the top anime page. Please note that 'Not yet aired' and 'R18+' titles are excluded.","Popularity, 
  #7701","Members, 
    6,201","Favorites, 
  18",Main,Alternative setting:: /anime/9487/Hitou_Meguri_Kakure_Yu
2960,Zoku Koihime,Kakyuusei 2: Anthology,,,,,,,,,"Murakami, Kotaro:Producer","Kanbara, Toshiaki:Storyboard","Miyamae, Mitsuharu:Background Art","Yunagi, Kahoru:Original Creator",Kininaru Roommate,N/A,#7837,"5,940",1,0,0,"['Murakami, Kotaro', 'Producer'], ['Kanbara, Toshiaki', 'Storyboard'], ['Miyamae, Mitsuharu', 'Background Art'], ['Yunagi, Kahoru', 'Original Creator']","Type, 
OVA","Episodes, 
  2","Status, 
  Finished Airing","Aired, 
  Feb 25, 2006 to Sep 25, 2006","Studios, 
Studio Ten","Source, 
  Manga","Genre, 
HentaiHentai","Duration, 
  28 min. per ep.","Rating, 
  Rx - Hentai","Score, 
6.511 (scored by 22902,290 users)
      


1
          indicates a weighted score.","Ranked, 
  N/A2

2
    based on the top anime page. Please note that 'Not yet aired' and 'R18+' titles are excluded.","Popularity, 
  #7837","Members, 
    5,940",Adaptation:: /manga/12218/Kininaru_Roommate
2859,,,,,,,,,,,"Kanazawa, Katsuma:Director",Lune:Original Creator,"Mori, Kokan:Planning",,Ikusa Otome Valkyrie Shinshou,N/A,#8872,"4,300",0,0,0,"['Kanazawa, Katsuma', 'Director'], ['Lune', 'Original Creator'], ['Mori, Kokan', 'Planning']","Status, 
  Finished Airing","Aired, 
  Feb 24, 2006 to May 25, 2007","Producers, 
Himajin Planning","Licensors, 
    None found, add some","Genre, 
HentaiHentai","Duration, 
  28 min. per ep.","Rating, 
  Rx - Hentai","Score, 
6.051 (scored by 15231,523 users)
      


1
          indicates a weighted score.","Ranked, 
  N/A2

2
    based on the top anime page. Please note that 'Not yet aired' and 'R18+' titles are excluded.","Popularity, 
  #8872","Members, 
    4,300","Favorites, 
  5",Main,"Adaptation:: /manga/75339/Ikusa_Otome_Valkyrie__Anata_ni_Subete_wo_Sasagemasu_-_Megami_Hijoku-hen, Prequel:: /anime/2858/Ikusa_Otome_Valkyrie"
3034,,,,,,,,,,,"Murakami, Kotaro:Producer","Nagai, Shinpei:Episode Director","Kokubunji, Sousuke:Script","Awai, Shigeki:Storyboard",Kurai Mirai,N/A,#9305,"3,671",1,0,0,"['Murakami, Kotaro', 'Producer'], ['Nagai, Shinpei', 'Episode Director'], ['Kokubunji, Sousuke', 'Script'], ['Awai, Shigeki', 'Storyboard']","Episodes, 
  2","Status, 
  Finished Airing","Aired, 
  Jan 25, 2006 to Sep 25, 2006","Producers, 
Milky Animation Label,       MS Pictures","Source, 
  Visual novel","Genre, 
HentaiHentai","Duration, 
  28 min. per ep.","Rating, 
  Rx - Hentai","Score, 
5.731 (scored by 12511,251 users)
      


1
          indicates a weighted score.","Ranked, 
  N/A2

2
    based on the top anime page. Please note that 'Not yet aired' and 'R18+' titles are excluded.","Popularity, 
  #9305","Members, 
    3,671","Favorites, 
  8",Adaptation:: /manga/73657/Kurai_Mirai__if
2395,Kangoku Senkan,,,,,,,,,,Black Package:Original Creator,,,,Kangoku: Injoku no Jikkentou,N/A,#9332,"3,649",0,0,0,"['Black Package', 'Original Creator']","Type, 
OVA","Episodes, 
  2","Status, 
  Finished Airing","Aired, 
  Mar 25, 2006 to Nov 25, 2006","Studios, 
Eshoya Honpo","Source, 
  Visual novel","Genre, 
HentaiHentai","Duration, 
  25 min. per ep.","Rating, 
  Rx - Hentai","Score, 
5.461 (scored by 12101,210 users)
      


1
          indicates a weighted score.","Ranked, 
  N/A2

2
    based on the top anime page. Please note that 'Not yet aired' and 'R18+' titles are excluded.","Popularity, 
  #9332","Members, 
    3,649",
994,Death Note,Monster,,,,,,,,,"Haga, Hitoshi:Director","Kitamura, Tomoyuki:Key Animation","Kitakata, Masami:Sound Effects","Utsugi, Isamu:Key Animation",Sin in the Rain,#12861,#9554,"3,388",0,0,2,"['Haga, Hitoshi', 'Director'], ['Kitamura, Tomoyuki', 'Key Animation'], ['Kitakata, Masami', 'Sound Effects'], ['Utsugi, Isamu', 'Key Animation']","Status, 
  Finished Airing","Aired, 
  Mar 24, 2006","Producers, 
    None found, add some","Licensors, 
    None found, add some","Genre, 
MysteryMystery","Duration, 
  22 min.","Rating, 
  PG-13 - Teens 13 or older","Score, 
4.721 (scored by 14321,432 users)
      


1
          indicates a weighted score.","Ranked, 
  #128612

2
    based on the top anime page. Please note that 'Not yet aired' and 'R18+' titles are excluded.","Popularity, 
  #9554","Members, 
    3,388","Favorites, 
  2",Main,
1071,,,,,,,,,,,"Shikura, Chiyomaru:Producer","Kamata, Hajime:Producer","Iwasaki, Tarou:Director","Hayashi, Naotaka:Script",Memories Off #5 Togireta Film The Animation,#9562,#9773,"3,156",0,1,0,"['Shikura, Chiyomaru', 'Producer'], ['Kamata, Hajime', 'Producer'], ['Iwasaki, Tarou', 'Director'], ['Hayashi, Naotaka', 'Script']","Episodes, 
  1","Status, 
  Finished Airing","Aired, 
  Mar 29, 2006","Producers, 
    None found, add some","Source, 
  Visual novel","Genres, 
DramaDrama,         RomanceRomance","Duration, 
  26 min.","Rating, 
  PG-13 - Teens 13 or older","Score, 
5.981 (scored by 11961,196 users)
      


1
          indicates a weighted score.","Ranked, 
  #95622

2
    based on the top anime page. Please note that 'Not yet aired' and 'R18+' titles are excluded.","Popularity, 
  #9773","Members, 
    3,156","Favorites, 
  2",Prequel:: /anime/363/Memories_Off_35
2139,Kininaru Roommate,,,,,,,,,,"Oogawara, Haruo:Director","Kawaragi, Shiho:Theme Song Performance","Inokuchi, Yuka:Theme Song Performance",ELF Corporation:Original Creator,Kakyuusei 2: Anthology,N/A,#9840,"3,085",0,1,0,"['Oogawara, Haruo', 'Director'], ['Kawaragi, Shiho', 'Theme Song Performance'], ['Inokuchi, Yuka', 'Theme Song Performance'], ['ELF Corporation', 'Original Creator']","Episodes, 
  2","Status, 
  Finished Airing","Aired, 
  Mar 24, 2006 to Jun 23, 2006","Producers, 
Pink Pineapple","Source, 
  Visual novel","Genres, 
DramaDrama,         HentaiHentai","Theme, 
HaremHarem","Duration, 
  29 min. per ep.","Rating, 
  Rx - Hentai","Score, 
5.881 (scored by 800800 users)
      


1
          indicates a weighted score.","Ranked, 
  N/A2

2
    based on the top anime page. Please note that 'Not yet aired' and 'R18+' titles are excluded.","Popularity, 
  #9840","Members, 
    3,085","Prequel:: /anime/510/Kakyuusei_2__Hitomi_no_Naka_no_Shoujo-tachi, Alternative setting:: /anime/661/Elf-ban_Kakyuusei__Anata_dake_wo_Mitsumete, Side story:: /anime/3945/Kakyuusei_2__Sketchbook"
848,,,,,,,,,,,"Chung, Jin Ho:Producer","Murata, Masahiko:Director","Hosoda, Naoto:Character Design",,Jinki:Extend - Sorekara,#8948,#9842,"3,083",0,0,0,"['Chung, Jin Ho', 'Producer'], ['Murata, Masahiko', 'Director'], ['Hosoda, Naoto', 'Character Design']","Type, 
OVA","Episodes, 
  1","Status, 
  Finished Airing","Aired, 
  Feb 22, 2006","Studios, 
feel.","Source, 
  Manga","Genre, 
Sci-FiSci-Fi","Theme, 
MechaMecha","Duration, 
  23 min.","Rating, 
  R - 17+ (violence & profanity)","Score, 
6.111 (scored by 11851,185 users)
      


1
          indicates a weighted score.","Ranked, 
  #89482

2
    based on the top anime page. Please note that 'Not yet aired' and 'R18+' titles are excluded.","Popularity, 
  #9842",Parent story:: /anime/141/Jinki_Extend
2181,Kemono Friends,Otaku no Seiza,Catblue: Dynamite,,,,,,,,"Higa, Romanov:Director","Chida, Kazuhiro:Sound Director","Shirow, Masamune:Original Creator",,TANK S.W.A.T. 01,#12918,#9885,"3,032",0,0,0,"['Higa, Romanov', 'Director'], ['Chida, Kazuhiro', 'Sound Director'], ['Shirow, Masamune', 'Original Creator']","Type, 
OVA","Episodes, 
  1","Status, 
  Finished Airing","Aired, 
  Mar 24, 2006","Studios, 
DOGA Productions","Source, 
  Original","Themes, 
DetectiveDetective,         MechaMecha","Duration, 
  29 min.","Rating, 
  PG-13 - Teens 13 or older","Score, 
4.651 (scored by 12511,251 users)
      


1
          indicates a weighted score.","Ranked, 
  #129182

2
    based on the top anime page. Please note that 'Not yet aired' and 'R18+' titles are excluded.","Popularity, 
  #9885","Members, 
    3,032",Spin-off:: /anime/1151/Dominion
1621,Katsugeki Shoujo Tanteidan,,,,,,,,,,"Harada, Hitomi:Theme Song Performance",Tenmon:Music,minori:Original Creator,"Tayama, Osamu:Background Art",Haru no Ashioto The Movie: Ourin Dakkan,#12824,#10824,"2,251",0,1,0,"['Harada, Hitomi', 'Theme Song Performance'], ['Tenmon', 'Music'], ['minori', 'Original Creator'], ['Tayama, Osamu', 'Background Art']","Episodes, 
  1","Status, 
  Finished Airing","Aired, 
  Mar 31, 2006","Producers, 
    None found, add some","Source, 
  Visual novel","Genres, 
ActionAction,         ComedyComedy","Theme, 
SchoolSchool","Duration, 
  20 min.","Rating, 
  PG-13 - Teens 13 or older","Score, 
4.761 (scored by 971971 users)
      


1
          indicates a weighted score.","Ranked, 
  #128242

2
    based on the top anime page. Please note that 'Not yet aired' and 'R18+' titles are excluded.","Popularity, 
  #10824","Members, 
    2,251",
5167,,,,,,,,,,,"Negishi, Hiroshi:Producer","Takahashi, Naruse:Director","Kikuchi, Kouichi:Sound Director","Abe, Tomoyuki:Episode Director",Cream Lemon: New Generation,#10985,#11121,"2,045",0,0,0,"['Negishi, Hiroshi', 'Producer'], ['Takahashi, Naruse', 'Director'], ['Kikuchi, Kouichi', 'Sound Director'], ['Abe, Tomoyuki', 'Episode Director']","Status, 
  Finished Airing","Aired, 
  Mar 23, 2006 to May 31, 2006","Producers, 
Fairy Dust","Licensors, 
    None found, add some","Genres, 
DramaDrama,         RomanceRomance","Duration, 
  30 min. per ep.","Rating, 
  R - 17+ (violence & profanity)","Score, 
5.651 (scored by 417417 users)
      


1
          indicates a weighted score.","Ranked, 
  #109852

2
    based on the top anime page. Please note that 'Not yet aired' and 'R18+' titles are excluded.","Popularity, 
  #11121","Members, 
    2,045","Favorites, 
  2",Main,Alternative version:: /anime/3239/Cream_Lemon
5108,Kakugo no Susume,,,,,,,,,,,,,,Ryuusei Tenshi Primaveil,N/A,#12001,"1,506",1,0,0,,"Episodes, 
  1","Status, 
  Finished Airing","Aired, 
  Feb 24, 2006","Producers, 
Jam,       MS Pictures","Source, 
  Visual novel","Genre, 
HentaiHentai","Duration, 
  26 min.","Rating, 
  Rx - Hentai","Score, 
5.121 (scored by 498498 users)
      


1
          indicates a weighted score.","Ranked, 
  N/A2

2
    based on the top anime page. Please note that 'Not yet aired' and 'R18+' titles are excluded.","Popularity, 
  #12001","Members, 
    1,506","Favorites, 
  0",
9445,,,,,,,,,,,,,,,Gunparade Orchestra OVA,#10386,#13396,985,0,0,0,,"Status, 
  Finished Airing","Aired, 
  Jan 12, 2006 to Jul 20, 2006","Producers, 
    None found, add some","Licensors, 
    None found, add some","Theme, 
MechaMecha","Duration, 
  30 min. per ep.","Rating, 
  PG-13 - Teens 13 or older","Score, 
5.791 (scored by 220220 users)
      


1
          indicates a weighted score.","Ranked, 
  #103862

2
    based on the top anime page. Please note that 'Not yet aired' and 'R18+' titles are excluded.","Popularity, 
  #13396","Members, 
    985","Favorites, 
  0",Producer,Parent story:: /anime/858/Gunparade_Orchestra
7982,,,,,,,,,,,,,,,Tetsuro no Kanata,#13741,#14403,738,0,0,0,,"Episodes, 
  1","Status, 
  Finished Airing","Aired, 
  Jan 18, 2006","Producers, 
Directions","Source, 
  Unknown","Genre, 
AdventureAdventure","Duration, 
  11 min.","Rating, 
  None","Score, 
N/A1 (scored by - users)
      
1
          indicates a weighted score.","Ranked, 
  #137412

2
    based on the top anime page. Please note that 'Not yet aired' and 'R18+' titles are excluded.","Popularity, 
  #14403","Members, 
    738","Favorites, 
  0",
465,,,,,,,,,,,"Uda, Kounosuke:Director",NEWS:Theme Song Performance,"Oda, Eiichiro:Original Creator","Shida, Naotoshi:Key Animation",One Piece Movie 07: Karakuri-jou no Mecha Kyohei,#3258,#2432,"76,220",3,1,6,"['Uda, Kounosuke', 'Director'], ['NEWS', 'Theme Song Performance'], ['Oda, Eiichiro', 'Original Creator'], ['Shida, Naotoshi', 'Key Animation']","Type, 
Movie","Episodes, 
  1","Status, 
  Finished Airing","Aired, 
  Mar 4, 2006","Studios, 
Toei Animation","Source, 
  Manga","Genres, 
ActionAction,         AdventureAdventure,         FantasyFantasy","Demographic, 
ShounenShounen","Duration, 
  1 hr. 34 min.","Rating, 
  PG-13 - Teens 13 or older","Score, 
7.191 (scored by 4100641,006 users)
      


1
          indicates a weighted score.","Ranked, 
  #32582

2
    based on the top anime page. Please note that 'Not yet aired' and 'R18+' titles are excluded.","Popularity, 
  #2432","Adaptation:: /manga/142648/One_Piece_Movie_7__Karakuri-jou_no_Mecha_Kyohei, Parent story:: /anime/21/One_Piece"
1140,Mononoke Hime,Kaze no Tani no Nausicaä,Sakasama no Patema,Blue Gender,Ibara no Ou,Juu Ou Sei,Tenkuu no Shiro Laputa,Chikyuu Shoujo Arjuna,Spriggan,Palme no Ki,"Cook, Justin:Producer","Sugiyama, Keiichi:Director","Wakabayashi, Kazuhiro:Sound Director","Shimizu, Kenichi:Episode Director",Giniro no Kami no Agito,#3977,#2486,"73,695",19,12,10,"['Cook, Justin', 'Producer'], ['Sugiyama, Keiichi', 'Director'], ['Wakabayashi, Kazuhiro', 'Sound Director'], ['Shimizu, Kenichi', 'Episode Director']","Type, 
Movie","Episodes, 
  1","Status, 
  Finished Airing","Aired, 
  Jan 7, 2006","Studios, 
Gonzo","Source, 
  Original","Genres, 
AdventureAdventure,         DramaDrama,         FantasyFantasy,         RomanceRomance,         Sci-FiSci-Fi","Duration, 
  1 hr. 35 min.","Rating, 
  PG-13 - Teens 13 or older","Score, 
7.051 (scored by 3583335,833 users)
      


1
          indicates a weighted score.","Ranked, 
  #39772

2
    based on the top anime page. Please note that 'Not yet aired' and 'R18+' titles are excluded.","Popularity, 
  #2486","Members, 
    73,695",Alternative version:: /anime/39514/Giniro_no_Kami_no_Agito_Pilot
2392,Coo: Tooi Umi kara Kita Coo,Digimon Tamers,,,,,,,,,"Watanabe, Ayumu:Director","Kusuba, Kouzou:Director",Sukima Switch:Theme Song Composition,"Aki, Youko:Theme Song Lyrics",Doraemon Movie 26: Nobita no Kyouryuu 2006,#1573,#5319,"15,525",2,1,0,"['Watanabe, Ayumu', 'Director'], ['Kusuba, Kouzou', 'Director'], ['Sukima Switch', 'Theme Song Composition'], ['Aki, Youko', 'Theme Song Lyrics']","Type, 
Movie","Episodes, 
  1","Status, 
  Finished Airing","Aired, 
  Mar 4, 2006","Studios, 
Shin-Ei Animation","Source, 
  Unknown","Genres, 
AdventureAdventure,         ComedyComedy","Theme, 
Time TravelTime Travel","Demographic, 
KidsKids","Duration, 
  1 hr. 47 min.","Rating, 
  PG - Children","Score, 
7.571 (scored by 1038210,382 users)
      


1
          indicates a weighted score.","Ranked, 
  #15732

2
    based on the top anime page. Please note that 'Not yet aired' and 'R18+' titles are excluded.","Alternative version:: /anime/3727/Doraemon_Movie_01__Nobita_no_Kyouryuu, Parent story:: /anime/8687/Doraemon_2005"
1773,Berserk: Ougon Jidai-hen I - Haou no Tamago,Kidou Butouden G Gundam,Soukihei MD Geist,Violence Jack: Harem Bomber-hen,Riki-Oh: Toukatsu Jigoku,Captain Herlock,One Punch Man,,,,"Kageyama, Shigenori:Assistant Producer","Imamura, Takahiro:Director","Koyama, Satoru:Sound Director","Asami, Matsuo:Episode Director",Hokuto no Ken: Raoh Gaiden Junai-hen,#2032,#5937,"11,742",4,0,0,"['Kageyama, Shigenori', 'Assistant Producer'], ['Imamura, Takahiro', 'Director'], ['Koyama, Satoru', 'Sound Director'], ['Asami, Matsuo', 'Episode Director']","Type, 
Movie","Episodes, 
  1","Status, 
  Finished Airing","Aired, 
  Mar 11, 2006","Studios, 
TMS Entertainment","Source, 
  Manga","Genres, 
ActionAction,         AdventureAdventure","Theme, 
Martial ArtsMartial Arts","Demographic, 
ShounenShounen","Duration, 
  1 hr. 35 min.","Rating, 
  R - 17+ (violence & profanity)","Score, 
7.451 (scored by 51655,165 users)
      


1
          indicates a weighted score.","Ranked, 
  #20322

2
    based on the top anime page. Please note that 'Not yet aired' and 'R18+' titles are excluded.","Parent story:: /anime/967/Hokuto_no_Ken, Sequel:: /anime/3027/Hokuto_no_Ken__Yuria-den"
1969,Evangelion Movie 3: Q,,,,,,,,,,"Yatate, Hajime:Producer","Tomino, Yoshiyuki:Director",GACKT:Theme Song Performance,"Yasuhiko, Yoshikazu:Character Design",Kidou Senshi Z Gundam III: Hoshi no Kodou wa Ai,#3927,#5981,"11,528",2,1,0,"['Yatate, Hajime', 'Producer'], ['Tomino, Yoshiyuki', 'Director'], ['GACKT', 'Theme Song Performance'], ['Yasuhiko, Yoshikazu', 'Character Design']","Type, 
Movie","Episodes, 
  1","Status, 
  Finished Airing","Aired, 
  Mar 4, 2006","Studios, 
Sunrise","Source, 
  Original","Genres, 
DramaDrama,         Sci-FiSci-Fi","Themes, 
MechaMecha,         MilitaryMilitary,         SpaceSpace","Duration, 
  1 hr. 40 min.","Rating, 
  PG-13 - Teens 13 or older","Score, 
7.061 (scored by 54365,436 users)
      


1
          indicates a weighted score.","Ranked, 
  #39272

2
    based on the top anime page. Please note that 'Not yet aired' and 'R18+' titles are excluded.","Popularity, 
  #5981","Alternative version:: /anime/85/Kidou_Senshi_Zeta_Gundam, Prequel:: /anime/1968/Kidou_Senshi_Z_Gundam_II__Koibito-tachi"
6463,Iblard Jikan,,,,,,,,,,"Miyazaki, Hayao:Director","Yasuda, Michiyo:Color Design","Inoue, Naohisa:Original Creator","Satou, Masako:Key Animation",Hoshi wo Katta Hi,#4363,#6932,"8,101",1,0,0,"['Miyazaki, Hayao', 'Director'], ['Yasuda, Michiyo', 'Color Design'], ['Inoue, Naohisa', 'Original Creator'], ['Satou, Masako', 'Key Animation']","Type, 
Movie","Episodes, 
  1","Status, 
  Finished Airing","Aired, 
  Jan 3, 2006","Studios, 
Studio Ghibli","Source, 
  Original","Genre, 
Sci-FiSci-Fi","Demographic, 
KidsKids","Duration, 
  16 min.","Rating, 
  G - All Ages","Score, 
6.971 (scored by 745745 users)
      


1
          indicates a weighted score.","Ranked, 
  #43632

2
    based on the top anime page. Please note that 'Not yet aired' and 'R18+' titles are excluded.","Popularity, 
  #6932",
2407,,,,,,,,,,,"Yamamoto, Yuusuke:Producer","Satou, Junichi:Director","Tsuruoka, Youta:Sound Director","Kitamura, Masaki:Episode Director",Keroro Gunsou Movie 1,#3069,#7437,"6,764",1,0,0,"['Yamamoto, Yuusuke', 'Producer'], ['Satou, Junichi', 'Director'], ['Tsuruoka, Youta', 'Sound Director'], ['Kitamura, Masaki', 'Episode Director']","Type, 
Movie","Episodes, 
  1","Status, 
  Finished Airing","Aired, 
  Mar 11, 2006","Studios, 
Sunrise","Source, 
  Manga","Genres, 
ComedyComedy,         Sci-FiSci-Fi","Demographic, 
ShounenShounen","Duration, 
  59 min.","Rating, 
  PG - Children","Score, 
7.221 (scored by 34533,453 users)
      


1
          indicates a weighted score.","Ranked, 
  #30692

2
    based on the top anime page. Please note that 'Not yet aired' and 'R18+' titles are excluded.","Popularity, 
  #7437",Parent story:: /anime/516/Keroro_Gunsou
4306,,,,,,,,,,,"Miyazaki, Hayao:Director","Yonebayashi, Hiromasa:Key Animation","Yasuda, Michiyo:Color Design","Ootsuka, Shinji:Key Animation",Mizugumo Monmon,#6675,#9091,"3,950",3,0,0,"['Miyazaki, Hayao', 'Director'], ['Yonebayashi, Hiromasa', 'Key Animation'], ['Yasuda, Michiyo', 'Color Design'], ['Ootsuka, Shinji', 'Key Animation']","Episodes, 
  1","Status, 
  Finished Airing","Aired, 
  Jan 3, 2006","Producers, 
    None found, add some","Source, 
  Original","Genres, 
FantasyFantasy,         RomanceRomance","Demographic, 
KidsKids","Duration, 
  15 min.","Rating, 
  G - All Ages","Score, 
6.521 (scored by 10931,093 users)
      


1
          indicates a weighted score.","Ranked, 
  #66752

2
    based on the top anime page. Please note that 'Not yet aired' and 'R18+' titles are excluded.","Popularity, 
  #9091","Members, 
    3,950",
3659,,,,,,,,,,,"Okamura, Masahiro:Producer","Ozaki, Masayuki:Producer","Yaoita, Katsuyuki:Assistant Producer","Kamegaki, Hajime:Director",Majime ni Fumajime Kaiketsu Zorori: Nazo no Otakara Daisakusen,#7608,#14245,775,0,0,0,"['Okamura, Masahiro', 'Producer'], ['Ozaki, Masayuki', 'Producer'], ['Yaoita, Katsuyuki', 'Assistant Producer'], ['Kamegaki, Hajime', 'Director']","Episodes, 
  1","Status, 
  Finished Airing","Aired, 
  Mar 11, 2006","Producers, 
Nagoya Broadcasting Network","Source, 
  Unknown","Genres, 
AdventureAdventure,         ComedyComedy","Duration, 
  53 min.","Rating, 
  G - All Ages","Score, 
6.361 (scored by 236236 users)
      


1
          indicates a weighted score.","Ranked, 
  #76082

2
    based on the top anime page. Please note that 'Not yet aired' and 'R18+' titles are excluded.","Popularity, 
  #14245","Members, 
    775","Favorites, 
  2",Parent story:: /anime/2707/Majime_ni_Fumajime_Kaiketsu_Zorori
10627,Tokyo Onlypic,Soccer,Tokyo Futago Athletic,,,,,,,,,,,,Ski Jumping Pairs: Road to Torino 2006,#12371,#15196,593,0,0,0,,"Episodes, 
  1","Status, 
  Finished Airing","Aired, 
  Jan 28, 2006","Producers, 
    None found, add some","Source, 
  Other","Genres, 
ComedyComedy,         SportsSports","Duration, 
  4 min.","Rating, 
  G - All Ages","Score, 
5.131 (scored by 242242 users)
      


1
          indicates a weighted score.","Ranked, 
  #123712

2
    based on the top anime page. Please note that 'Not yet aired' and 'R18+' titles are excluded.","Popularity, 
  #15196","Members, 
    593","Favorites, 
  1",Other:: /anime/37326/Japan_World_Cup
23979,,,,,,,,,,,,,,,Something Great Chizu ni Nai Machi,#13416,#16841,415,0,0,0,,"Status, 
  Finished Airing","Aired, 
  Feb 4, 2006","Producers, 
    None found, add some","Licensors, 
    None found, add some","Genre, 
Slice of LifeSlice of Life","Duration, 
  Unknown","Rating, 
  G - All Ages","Score, 
N/A1 (scored by - users)
      
1
          indicates a weighted score.","Ranked, 
  #134162

2
    based on the top anime page. Please note that 'Not yet aired' and 'R18+' titles are excluded.","Popularity, 
  #16841","Members, 
    415","Favorites, 
  0","Director, Original Creator",
8205,,,,,,,,,,,,,,,Norabbits' Minutes,#16811,#18228,313,0,0,0,,"Type, 
Movie","Episodes, 
  5","Status, 
  Finished Airing","Aired, 
  Feb 25, 2006 to Jun 29, 2007","Studios, 
    None found, add some","Source, 
  Unknown","Genres, 
ComedyComedy,         FantasyFantasy","Demographic, 
KidsKids","Duration, 
  3 min. per ep.","Rating, 
  PG - Children","Score, 
N/A1 (scored by - users)
      
1
          indicates a weighted score.","Ranked, 
  #168112

2
    based on the top anime page. Please note that 'Not yet aired' and 'R18+' titles are excluded.","Popularity, 
  #18228",
54095,,,,,,,,,,,,,,,Oz no Mahoutsukai (2006),#17008,#23862,76,0,0,0,,"Status, 
  Finished Airing","Aired, 
  Feb 26, 2006","Producers, 
    None found, add some","Licensors, 
    None found, add some","Genre, 
AdventureAdventure","Demographic, 
KidsKids","Duration, 
  Unknown","Rating, 
  G - All Ages","Score, 
N/A1 (scored by - users)
      
1
          indicates a weighted score.","Ranked, 
  #170082

2
    based on the top anime page. Please note that 'Not yet aired' and 'R18+' titles are excluded.","Popularity, 
  #23862","Members, 
    76","Favorites, 
  0",
834,,,,,,,,,,,"Abe, Noriyuki:Director","Kubo, Tite:Original Creator","Sagisu, Shirou:Music","Kudou, Masashi:Character Design",Bleach: The Sealed Sword Frenzy,#4355,#1833,"117,509",4,3,0,"['Abe, Noriyuki', 'Director'], ['Kubo, Tite', 'Original Creator'], ['Sagisu, Shirou', 'Music'], ['Kudou, Masashi', 'Character Design']","Episodes, 
  1","Status, 
  Finished Airing","Aired, 
  Mar 23, 2006","Producers, 
TV Tokyo","Source, 
  Manga","Genres, 
ActionAction,         AdventureAdventure,         FantasyFantasy","Demographic, 
ShounenShounen","Duration, 
  33 min.","Rating, 
  PG-13 - Teens 13 or older","Score, 
6.971 (scored by 6402164,021 users)
      


1
          indicates a weighted score.","Ranked, 
  #43552

2
    based on the top anime page. Please note that 'Not yet aired' and 'R18+' titles are excluded.","Popularity, 
  #1833","Members, 
    117,509",Parent story:: /anime/269/Bleach
1066,Toaru Majutsu no Index-tan,Suzumiya Haruhi-chan no Yuuutsu,School Days: Magical Heart Kokoro-chan,Maria-sama ga Miteru 4th Specials,Toradora!: SOS! Kuishinbou Banbanzai,Maria-sama ga Miteru Specials,Toaru Majutsu no Index-tan II,Shingeki no Kyojin Picture Drama,,,"Itou, Noizi:Original Character Design","Otani, Kow:Music","Takahashi, Yashichiro:Original Creator","Ootsuka, Mai:Character Design",Shakugan no Shana-tan,#3946,#3748,"34,780",2,0,0,"['Itou, Noizi', 'Original Character Design'], ['Otani, Kow', 'Music'], ['Takahashi, Yashichiro', 'Original Creator'], ['Ootsuka, Mai', 'Character Design']","Episodes, 
  4","Status, 
  Finished Airing","Aired, 
  Jan 25, 2006 to Apr 4, 2007","Producers, 
    None found, add some","Source, 
  Light novel","Genre, 
ComedyComedy","Theme, 
ParodyParody","Duration, 
  6 min. per ep.","Rating, 
  PG-13 - Teens 13 or older","Score, 
7.061 (scored by 1791517,915 users)
      


1
          indicates a weighted score.","Ranked, 
  #39462

2
    based on the top anime page. Please note that 'Not yet aired' and 'R18+' titles are excluded.","Popularity, 
  #3748","Members, 
    34,780","Parent story:: /anime/355/Shakugan_no_Shana, Sequel:: /anime/3956/Shakugan_no_Shana-tan_II_Second"
644,Nodame Cantabile,,,,,,,,,,"Aketagawa, Jin:Sound Director",YUKI:Theme Song Performance,"Umino, Chica:Original Creator",,Hachimitsu to Clover Specials,#1354,#3956,"31,332",3,0,0,"['Aketagawa, Jin', 'Sound Director'], ['YUKI', 'Theme Song Performance'], ['Umino, Chica', 'Original Creator']","Type, 
Special","Episodes, 
  2","Status, 
  Finished Airing","Aired, 
  Dec 23, 2005 to Feb 24, 2006","Studios, 
J.C.Staff","Source, 
  Manga","Genres, 
ComedyComedy,         DramaDrama,         RomanceRomance","Themes, 
Adult CastAdult Cast,         Visual ArtsVisual Arts","Demographic, 
JoseiJosei","Duration, 
  22 min. per ep.","Rating, 
  PG-13 - Teens 13 or older","Score, 
7.641 (scored by 1629616,296 users)
      


1
          indicates a weighted score.","Ranked, 
  #13542

2
    based on the top anime page. Please note that 'Not yet aired' and 'R18+' titles are excluded.","Adaptation:: /manga/1009/Hachimitsu_to_Clover, Prequel:: /anime/16/Hachimitsu_to_Clover, Sequel:: /anime/1142/Hachimitsu_to_Clover_II"
3057,Lucky☆Star,Gakuen Heaven: Hamu Hamu Heaven,,,,,,,,,"Kouga, Yun:Original Creator","Iwakura, Kazunori:Character Design",,,Loveless Specials,#7014,#4930,"19,063",1,0,1,"['Kouga, Yun', 'Original Creator'], ['Iwakura, Kazunori', 'Character Design']","Episodes, 
  6","Status, 
  Finished Airing","Aired, 
  Nov 1, 2005 to Apr 27, 2006","Producers, 
    None found, add some","Source, 
  Manga","Genres, 
Boys LoveBoys Love,         ComedyComedy,         SupernaturalSupernatural","Demographic, 
JoseiJosei","Duration, 
  2 min. per ep.","Rating, 
  PG-13 - Teens 13 or older","Score, 
6.461 (scored by 78797,879 users)
      


1
          indicates a weighted score.","Ranked, 
  #70142

2
    based on the top anime page. Please note that 'Not yet aired' and 'R18+' titles are excluded.","Popularity, 
  #4930","Members, 
    19,063",Parent story:: /anime/149/Loveless
6330,,,,,,,,,,,"Itou, Noizi:Original Character Design","Otani, Kow:Music","Takahashi, Yashichiro:Original Creator","Ootsuka, Mai:Character Design",Shakugan no Shana: Friagne & Marianne no Naze Nani Shana! Nandemo Shitsumonbako!,#6331,#5640,"13,446",0,0,0,"['Itou, Noizi', 'Original Character Design'], ['Otani, Kow', 'Music'], ['Takahashi, Yashichiro', 'Original Creator'], ['Ootsuka, Mai', 'Character Design']","Episodes, 
  8","Status, 
  Finished Airing","Aired, 
  Jan 25, 2006 to Aug 25, 2006","Producers, 
    None found, add some","Source, 
  Light novel","Genres, 
ComedyComedy,         FantasyFantasy","Duration, 
  3 min. per ep.","Rating, 
  PG-13 - Teens 13 or older","Score, 
6.581 (scored by 44844,484 users)
      


1
          indicates a weighted score.","Ranked, 
  #63312

2
    based on the top anime page. Please note that 'Not yet aired' and 'R18+' titles are excluded.","Popularity, 
  #5640","Members, 
    13,446","Favorites, 
  3","Parent story:: /anime/355/Shakugan_no_Shana, Sequel:: /anime/14957/Shakugan_no_Shana__Friagne___Marianne_no_Naze_Nani_Shana_Nandemo_Shitsumonbako_2, Side story:: /anime/28603/Shakugan_no_Shana__Friagne___Marianne_no_Naze_Nani_Shana_Nandemo_Shitsumonbako_Specials"
2580,,,,,,,,,,,"Shinbou, Akiyuki:Director","Tamura, Koutarou:Episode Director","Fukunaga, Gen:Executive Producer","Takeuchi, Nobuyuki:Setting",Tsukuyomi: Moon Phase Special,#6154,#5877,"12,007",1,1,1,"['Shinbou, Akiyuki', 'Director'], ['Tamura, Koutarou', 'Episode Director'], ['Fukunaga, Gen', 'Executive Producer'], ['Takeuchi, Nobuyuki', 'Setting']","Episodes, 
  1","Status, 
  Finished Airing","Aired, 
  Feb 22, 2006","Producers, 
    None found, add some","Source, 
  Manga","Genres, 
Avant GardeAvant Garde,         ComedyComedy,         Slice of LifeSlice of Life","Duration, 
  23 min.","Rating, 
  PG-13 - Teens 13 or older","Score, 
6.611 (scored by 61326,132 users)
      


1
          indicates a weighted score.","Ranked, 
  #61542

2
    based on the top anime page. Please note that 'Not yet aired' and 'R18+' titles are excluded.","Popularity, 
  #5877","Members, 
    12,007","Favorites, 
  3",Parent story:: /anime/343/Tsukuyomi__Moon_Phase
3449,,,,,,,,,,,"Yamashita, Yuu:Episode Director","Kikuta, Hiromi:Sound Supervisor","Hiramaki, Daisuke:Key Animation","Kishi, Tomohiro:Key Animation",Kamichu! Specials,#2062,#5993,"11,470",2,0,0,"['Yamashita, Yuu', 'Episode Director'], ['Kikuta, Hiromi', 'Sound Supervisor'], ['Hiramaki, Daisuke', 'Key Animation'], ['Kishi, Tomohiro', 'Key Animation']","Type, 
Special","Episodes, 
  4","Status, 
  Finished Airing","Aired, 
  Nov 23, 2005 to Mar 29, 2006","Studios, 
Brain's Base","Source, 
  Original","Genres, 
Slice of LifeSlice of Life,         SupernaturalSupernatural","Themes, 
IyashikeiIyashikei,         MythologyMythology,         SchoolSchool","Duration, 
  27 min. per ep.","Rating, 
  PG - Children","Score, 
7.441 (scored by 62596,259 users)
      


1
          indicates a weighted score.","Ranked, 
  #20622

2
    based on the top anime page. Please note that 'Not yet aired' and 'R18+' titles are excluded.","Popularity, 
  #5993",Parent story:: /anime/489/Kamichu
1841,,,,,,,,,,,,,,,Dai Mahou Touge Omake,#5204,#6871,"8,289",1,0,0,,"Status, 
  Finished Airing","Aired, 
  Mar 20, 2006 to Mar 21, 2007","Producers, 
    None found, add some","Licensors, 
    None found, add some","Genres, 
ComedyComedy,         FantasyFantasy","Themes, 
Gag HumorGag Humor,         Mahou ShoujoMahou Shoujo","Duration, 
  1 min. per ep.","Rating, 
  R - 17+ (violence & profanity)","Score, 
6.791 (scored by 45794,579 users)
      


1
          indicates a weighted score.","Ranked, 
  #52042

2
    based on the top anime page. Please note that 'Not yet aired' and 'R18+' titles are excluded.","Popularity, 
  #6871","Members, 
    8,289","Favorites, 
  2",Parent story:: /anime/933/Dai_Mahou_Touge
3401,Tsumiki no Ie,,,,,,,,,,"Katou, Kunio:Producer","Matsumoto, Emi:Producer",,,Aru Tabibito no Nikki Specials,#7919,#6983,"7,927",0,3,0,"['Katou, Kunio', 'Producer'], ['Matsumoto, Emi', 'Producer']","Type, 
Special","Episodes, 
  3","Status, 
  Finished Airing","Aired, 
  Feb 11, 2006","Studios, 
    None found, add some","Source, 
  Original","Genres, 
AdventureAdventure,         FantasyFantasy","Duration, 
  4 min. per ep.","Rating, 
  G - All Ages","Score, 
6.301 (scored by 49114,911 users)
      


1
          indicates a weighted score.","Ranked, 
  #79192

2
    based on the top anime page. Please note that 'Not yet aired' and 'R18+' titles are excluded.","Popularity, 
  #6983","Members, 
    7,927",Parent story:: /anime/1205/Aru_Tabibito_no_Nikki
10948,,,,,,,,,,,"Shirow, Masamune:Original Creator","Furukawa, Hisaki:Layout","Murata, Toshiharu:Key Animation",,Koukaku Kidoutai: Stand Alone Complex 2nd GIG - Individual Eleven - Tachikoma na Hibi,#5445,#7485,"6,649",0,0,0,"['Shirow, Masamune', 'Original Creator'], ['Furukawa, Hisaki', 'Layout'], ['Murata, Toshiharu', 'Key Animation']","Episodes, 
  1","Status, 
  Finished Airing","Aired, 
  Jan 27, 2006","Producers, 
    None found, add some","Source, 
  Manga","Genres, 
ComedyComedy,         Sci-FiSci-Fi","Theme, 
MechaMecha","Duration, 
  3 min.","Rating, 
  PG - Children","Score, 
6.741 (scored by 19661,966 users)
      


1
          indicates a weighted score.","Ranked, 
  #54452

2
    based on the top anime page. Please note that 'Not yet aired' and 'R18+' titles are excluded.","Popularity, 
  #7485","Members, 
    6,649",Parent story:: /anime/2448/Koukaku_Kidoutai__Stand_Alone_Complex_2nd_GIG_-_Individual_Eleven
1659,,,,,,,,,,,"Takuno, Seiki:Episode Director","Hisayuki, Hirokazu:Character Design",,,Mai-Otome Specials,#4546,#7666,"6,266",1,0,0,"['Takuno, Seiki', 'Episode Director'], ['Hisayuki, Hirokazu', 'Character Design']","Status, 
  Finished Airing","Aired, 
  Jan 27, 2006 to Sep 26, 2006","Producers, 
    None found, add some","Licensors, 
    None found, add some","Genres, 
ComedyComedy,         DramaDrama,         FantasyFantasy","Duration, 
  3 min. per ep.","Rating, 
  PG-13 - Teens 13 or older","Score, 
6.921 (scored by 28142,814 users)
      


1
          indicates a weighted score.","Ranked, 
  #45462

2
    based on the top anime page. Please note that 'Not yet aired' and 'R18+' titles are excluded.","Popularity, 
  #7666","Members, 
    6,266","Favorites, 
  3",Main,Parent story:: /anime/99/Mai-Otome
6741,,,,,,,,,,,,,,,Makai Senki Disgaea: Welcome to Netherworld,#5676,#8426,"4,978",0,0,0,,"Episodes, 
  1","Status, 
  Finished Airing","Aired, 
  Feb 23, 2006","Producers, 
    None found, add some","Source, 
  Game","Genres, 
ActionAction,         ComedyComedy,         FantasyFantasy","Theme, 
MythologyMythology","Duration, 
  5 min.","Rating, 
  PG-13 - Teens 13 or older","Score, 
6.701 (scored by 19721,972 users)
      


1
          indicates a weighted score.","Ranked, 
  #56762

2
    based on the top anime page. Please note that 'Not yet aired' and 'R18+' titles are excluded.","Popularity, 
  #8426","Members, 
    4,978",Other:: /anime/860/Makai_Senki_Disgaea
686,,,,,,,,,,,Aquaplus:Original Creator,,,,To Heart: Remember My Memories Specials,#9180,#9450,"3,505",0,1,0,"['Aquaplus', 'Original Creator']","Status, 
  Finished Airing","Aired, 
  Jan 26, 2006 to Aug 24, 2006","Producers, 
    None found, add some","Licensors, 
    None found, add some","Genres, 
ComedyComedy,         Sci-FiSci-Fi","Themes, 
Martial ArtsMartial Arts,         ParodyParody,         SamuraiSamurai,         Super PowerSuper Power","Duration, 
  3 min. per ep.","Rating, 
  R+ - Mild Nudity","Score, 
6.061 (scored by 11441,144 users)
      


1
          indicates a weighted score.","Ranked, 
  #91802

2
    based on the top anime page. Please note that 'Not yet aired' and 'R18+' titles are excluded.","Popularity, 
  #9450","Members, 
    3,505","Favorites, 
  1",Parent story:: /anime/685/To_Heart__Remember_My_Memories
40667,,,,,,,,,,,,,,,Jigoku Shoujo Recap,#7396,#9745,"3,183",0,0,0,,"Episodes, 
  1","Status, 
  Finished Airing","Aired, 
  Jan 11, 2006","Producers, 
    None found, add some","Source, 
  Original","Genre, 
SupernaturalSupernatural","Duration, 
  24 min.","Rating, 
  R - 17+ (violence & profanity)","Score, 
6.401 (scored by 764764 users)
      


1
          indicates a weighted score.","Ranked, 
  #73962

2
    based on the top anime page. Please note that 'Not yet aired' and 'R18+' titles are excluded.","Popularity, 
  #9745","Members, 
    3,183","Favorites, 
  3",Full story:: /anime/228/Jigoku_Shoujo
3570,,,,,,,,,,,,,,,Yadosagashi,#6914,#9792,"3,132",0,1,0,,"Type, 
Special","Episodes, 
  1","Status, 
  Finished Airing","Aired, 
  Jan 3, 2006","Studios, 
Studio Ghibli","Source, 
  Original","Genres, 
AdventureAdventure,         FantasyFantasy,         Slice of LifeSlice of Life","Demographic, 
KidsKids","Duration, 
  12 min.","Rating, 
  G - All Ages","Score, 
6.481 (scored by 496496 users)
      


1
          indicates a weighted score.","Ranked, 
  #69142

2
    based on the top anime page. Please note that 'Not yet aired' and 'R18+' titles are excluded.","Popularity, 
  #9792",
2910,,,,,,,,,,,,,,,Koi Koi 7 Specials,#10206,#10453,"2,527",0,0,0,,"Type, 
Special","Episodes, 
  7","Status, 
  Finished Airing","Aired, 
  Jul 22, 2005 to Jan 27, 2006","Studios, 
    None found, add some","Source, 
  Manga","Genres, 
ComedyComedy,         RomanceRomance,         Sci-FiSci-Fi,         EcchiEcchi","Theme, 
SchoolSchool","Demographic, 
ShounenShounen","Duration, 
  3 min. per ep.","Rating, 
  R+ - Mild Nudity","Score, 
5.831 (scored by 900900 users)
      


1
          indicates a weighted score.","Ranked, 
  #102062

2
    based on the top anime page. Please note that 'Not yet aired' and 'R18+' titles are excluded.",Spin-off:: /anime/668/Koi_Koi_7
51162,,,,,,,,,,,,,,,One Piece: Otoshidama Special - Tokubetsu Hou Mugiwara Kaizokudan no Himitsu!,#6599,#10639,"2,390",1,1,0,,"Type, 
TV Special","Episodes, 
  1","Status, 
  Finished Airing","Aired, 
  Jan 3, 2006","Studios, 
Toei Animation","Source, 
  Manga","Genres, 
ActionAction,         AdventureAdventure,         FantasyFantasy","Demographic, 
ShounenShounen","Duration, 
  1 hr. 24 min.","Rating, 
  PG-13 - Teens 13 or older","Score, 
6.531 (scored by 734734 users)
      


1
          indicates a weighted score.","Ranked, 
  #65992

2
    based on the top anime page. Please note that 'Not yet aired' and 'R18+' titles are excluded.","Popularity, 
  #10639",Full story:: /anime/21/One_Piece
54171,,,,,,,,,,,"Kubo, Tite:Original Creator",,,,Bleach: Shuku! Rukia Dakkan! Kagayaku! Shinigami Juuban Shoubu! Mitai Shinigami Doon to Misemasu Special,#6696,#11466,"1,819",0,0,0,"['Kubo, Tite', 'Original Creator']","Episodes, 
  1","Status, 
  Finished Airing","Aired, 
  Jan 10, 2006","Producers, 
    None found, add some","Source, 
  Manga","Genres, 
ActionAction,         SupernaturalSupernatural","Demographic, 
ShounenShounen","Duration, 
  24 min.","Rating, 
  PG-13 - Teens 13 or older","Score, 
6.521 (scored by 607607 users)
      


1
          indicates a weighted score.","Ranked, 
  #66962

2
    based on the top anime page. Please note that 'Not yet aired' and 'R18+' titles are excluded.","Popularity, 
  #11466","Members, 
    1,819",Full story:: /anime/269/Bleach
35686,,,,,,,,,,,"Honda, Keiichi:Key Animation",,,,Doraemon (2005) Specials,#5788,#12407,"1,316",0,0,0,"['Honda, Keiichi', 'Key Animation']","Episodes, 
  Unknown","Status, 
  Currently Airing","Aired, 
  Apr 15, 2005 to ?","Producers, 
    None found, add some","Source, 
  Unknown","Genre, 
ComedyComedy","Demographic, 
SeinenSeinen","Duration, 
  45 min.","Rating, 
  PG - Children","Score, 
6.681 (scored by 415415 users)
      


1
          indicates a weighted score.","Ranked, 
  #57882

2
    based on the top anime page. Please note that 'Not yet aired' and 'R18+' titles are excluded.","Popularity, 
  #12407","Members, 
    1,316",Parent story:: /anime/966/Crayon_Shin-chan
22591,,,,,,,,,,,"Maya, Mineo:Original Creator",,,,Patalliro Saiyuuki! Special,#9769,#13409,980,0,0,0,"['Maya, Mineo', 'Original Creator']","Episodes, 
  1","Status, 
  Finished Airing","Aired, 
  Jan 25, 2006","Producers, 
    None found, add some","Source, 
  Manga","Genres, 
AdventureAdventure,         Boys LoveBoys Love,         ComedyComedy,         FantasyFantasy","Demographic, 
ShoujoShoujo","Duration, 
  9 min.","Rating, 
  PG-13 - Teens 13 or older","Score, 
5.931 (scored by 175175 users)
      


1
          indicates a weighted score.","Ranked, 
  #97692

2
    based on the top anime page. Please note that 'Not yet aired' and 'R18+' titles are excluded.","Popularity, 
  #13409","Members, 
    980",Prequel:: /anime/1035/Patalliro_Saiyuuki
41880,,,,,,,,,,,"Hara, Keiichi:Director","Hongou, Mitsuru:Director","Yuasa, Masaaki:Script","Usui, Yoshito:Original Creator",Crayon Shin-chan Specials,#18929,#15264,581,0,0,0,"['Hara, Keiichi', 'Director'], ['Hongou, Mitsuru', 'Director'], ['Yuasa, Masaaki', 'Script'], ['Usui, Yoshito', 'Original Creator']","Status, 
  Currently Airing","Aired, 
  Dec 28, 1992 to ?","Producers, 
    None found, add some","Licensors, 
    None found, add some","Genres, 
ComedyComedy,         EcchiEcchi","Theme, 
SchoolSchool","Demographic, 
SeinenSeinen","Duration, 
  48 min.","Rating, 
  G - All Ages","Score, 
N/A1 (scored by - users)
      
1
          indicates a weighted score.","Ranked, 
  #189292

2
    based on the top anime page. Please note that 'Not yet aired' and 'R18+' titles are excluded.","Popularity, 
  #15264","Members, 
    581",Parent story:: /anime/966/Crayon_Shin-chan
35297,,,,,,,,,,,,,,,Happy Seven: The TV Manga - Chibi Chara Moshimo Gekijou,#19866,#16155,478,0,0,0,,"Episodes, 
  7","Status, 
  Finished Airing","Aired, 
  Jan 17, 2006 to Jul 28, 2006","Producers, 
    None found, add some","Source, 
  Light novel","Genres, 
ComedyComedy,         FantasyFantasy","Theme, 
ParodyParody","Duration, 
  2 min. per ep.","Rating, 
  PG - Children","Score, 
N/A1 (scored by - users)
      
1
          indicates a weighted score.","Ranked, 
  #198662

2
    based on the top anime page. Please note that 'Not yet aired' and 'R18+' titles are excluded.","Popularity, 
  #16155","Members, 
    478",Parent story:: /anime/1193/Happy_Seven__The_TV_Manga
29503,,,,,,,,,,,,,,,Gararin to Gororin,#12145,#16534,441,1,0,0,,"Episodes, 
  1","Status, 
  Finished Airing","Aired, 
  Feb 15, 2006","Producers, 
NHK","Source, 
  Original","Theme, 
MusicMusic","Demographic, 
KidsKids","Duration, 
  5 min.","Rating, 
  PG - Children","Score, 
5.251 (scored by 204204 users)
      


1
          indicates a weighted score.","Ranked, 
  #121452

2
    based on the top anime page. Please note that 'Not yet aired' and 'R18+' titles are excluded.","Popularity, 
  #16534","Members, 
    441",Parent story:: /anime/29369/Tick___Tack
52384,,,,,,,,,,,,,,,Yuusha Ou GaoGaiGar: Project Z,#15048,#21008,155,0,0,0,,"Episodes, 
  1","Status, 
  Finished Airing","Aired, 
  Mar 24, 2006","Producers, 
    None found, add some","Source, 
  Original","Genre, 
Sci-FiSci-Fi","Duration, 
  11 min.","Rating, 
  PG-13 - Teens 13 or older","Score, 
N/A1 (scored by - users)
      
1
          indicates a weighted score.","Ranked, 
  #150482

2
    based on the top anime page. Please note that 'Not yet aired' and 'R18+' titles are excluded.","Popularity, 
  #21008","Members, 
    155","Favorites, 
  0",Other:: /anime/4416/Yuusha-Ou_GaoGaiGar_Final_Grand_Glorious_Gathering
